Workbook

Sheet Claude Log
A1: Turn # | B1: Dato | C1: Bruger-anmodning | D1: Handling | E1: Detaljer | F1: Resultat
A2: 1 | B2: 46162 | C2: Opdater fane 3 'Sådan beregnes det' med ny lagtykkelse-mode forklaring: trin 3 udvidelse, nye trin 10-12, ny vigtig bemærkning. | D2: 1) Opdateret Trin 3 formel (B14) med mode-awareness. 2) Indsat 22 nye rækker efter Trin 9 (før Vigtige bemærkninger). 3) Bygget Trin 10 (rækker 44-51): plan-sammenligning med 4 tal-felter. 4) Bygget Trin 11 (rækker 52-62): reduktionsstrategi + lag-tabel + konklusion. 5) Bygget Trin 12 (rækker 63-65): geonet placering. 6) Tilføjet ny Vigtig bemærkning (rækker 77-78). 7) Formateret: row heights 20-100, wrap text, #305496 headers. | E2: Formler: 20 celler verificeret, ingen fejl. Trin 3 = B14, Trin 10 = B44:C50, Trin 11 = B52:E61, Trin 12 = B63:B64, ny bemærkning = B77:B78. Eksisterende trin 1-9 og Vigtige bemærkninger (nu rad 41-76) uberørte. Kolonne E tilføjet til lag-tabellen i Trin 11. | F2: Fane 3 opdateret og verificeret — alle 20 nye formelceller returnerer korrekte værdier uden fejl.
A3: 2 | B3: 46162 | C3: Fjern 'Uarmeret' som valg i Sektion E (C41) dropdown og opdater alle afhængige formler i arket | D3: Opdateret data validation, 3 kolonne-N formler, 2 Sektion I formler, og 3 fane-3 formler | E3: 1) C41 data validation: 'Uarmeret,1 lag,2 lag/flere lag' → '1 lag,2 lag/flere lag', default sat til '1 lag'. 2) N10: IF-wrapper fjernet → =IF($N$8="1 lag",1,2). 3) N20: Uarmeret-gren fjernet → ='4. Korrektionsfaktorer'!$E$7*($N$7-35). 4) N21: Uarmeret-gren fjernet → =$C$37. 5) C80: Uarmeret-gren fjernet, direkte test på '1 lag'. 6) C83: Dobbelt IF-wrapper fjernet. 7) Fane 3 B24 (Trin 5): ydre IF fjernet, direkte phi-tekst. 8) Fane 3 B28 (Trin 6): ydre IF fjernet, direkte net-korr tekst. 9) Fane 3 B42 (Trin 9): Uarmeret-gren fjernet fra IFERROR-wrapper. | F3: Alle 9 ændringer gennemført uden fejl. Ingen #VALUE!/#REF!/#NAME? fejl. C41 dropdown viser kun '1 lag' og '2 lag/flere lag'. Sektion I og fane 3 beregner korrekt med '1 lag' som aktiv valg.
A4: 3 | B4: 46165 | C4: Bruger spurgte om princippet bag snittegningerne i sektion H på '2. Dimensionering' og om de kan gøres automatiske. Bad om plan før ændringer, har egne design-inputs. | D4: Analyserede sektion H (B95:N138). Forklarede nuværende statiske opbygning og foreslog plan baseret på betinget formatering styret af eksisterende beregninger i M39:N44. | E4: Snittegninger er i dag stablede farvede celler i B95:B118 + F95:G111 (statiske). Beregninger i N40 (skala), N41-N42 (antal celler), N43-N44 (geonet-position) findes allerede men bruges ikke til tegningen. Foreslog: lagkode-formler per celle + betinget formatering for farver og geonet-border. | F4: Plan præsenteret med 4 åbne spørgsmål til brugeren (højde-skalering, lag-inklusion, geonet-visualisering, design-inputs). Afventer brugerens svar og design-inputs før implementering.
A5: 4 | B5: 46165 | C5: Bruger pegede på eksempel i fane 8 (I54:M62): simpel kassetegning med grå bærelag, brun råjord, geonet som sort streg, lag-labels og mm-mål. Ønsker to lige store stakke (armeret + uarmeret) i sektion H. | D5: Analyserede eksempel-tegningen på fane 8. Bekræftet designprincip og præsenteret 7-fase plan. | E5: Design: 2 farver (grå #BFBFBF bærelag, brun #948A54 råjord), sorte border-streger som geonet. Hver stak: snit-kolonne + mm-mål + lag-label. Lige højde, dynamisk skala = MAX(uarm,arm)/antal rækker. Genbruger eksisterende beregninger i M39:N44. | F5: Plan + 5 spørgsmål afsendt (asfalt med/uden, geonet-tekst, geonet-position, mm-opdeling, stak-højde). Afventer brugerens svar før byg.
A6: 5 | B6: 46165 | C6: Bruger besvarede 5 design-spørgsmål: snit starter top af bærelag, produktnavn på geonet-streg, fast placering (1 lag=mellem bærelag/råjord, 2 lag=som eksempel), mm opdelt pr lag + samlet i bund, stak-højde 6 rækker bærelag + 2 rækker råjord. | D6: Bekræftet endelig designspecifikation. Stillede 2 opfølgende spørgsmål: hvor i sektion I findes endelig lagopdeling for stabilgrus/bundsikring, og fordeling af 6 bærelagsrækker ved 2 lag. | E6: Endeligt design: fast 8 rækker høj (6 bærelag grå + 2 råjord brun). Venstre=uarmeret (C46). Højre=armeret (C47) med geonet-streger + produktnavn C36. Ved 1 lag: én streg mellem bærelag og råjord. Ved 2 lag: som fane 8 eksempel. | F6: Afventer brugerens svar på sektion I-reference og rækkefordeling ved 2 lag før implementering.
A7: 6 | B7: 46165 | C7: Byg automatiske snittegninger i sektion H på fane 2. Dimensionering jf. aftalt design. | D7: Rebuilt sektion H (B89:K112): to faste 8-rækkers stakke (6 bærelag grå + 2 råjord brun). Tilføjet dynamiske formler for mm-fordeling, geonet-streger via betinget formatering, labels med materialenavne. Justerede kolonnebredder C-K. Ryddede gamle hjælpefelter M39:N44. | E7: Layout: C=mm uarm, D=snit uarm, E=label uarm, H=mm arm, I=snit arm, J=label arm, K=geonet-label. Mm-formler: SUMIFS på D23:D25/F23:F25 (uarm lagtyk) og G74:G76/H74:H76 (arm lagtyk). Procent-mode: C46/C47 samlet. Geonet-streg på I100 (altid) + betinget streg på I97 ved 2 lag. Produktnavn fra C36 i K100 (altid) + K97 (ved 2 lag). Signaturforklaring B107:C110 opdateret. | F7: Verificeret i alle 4 mode-kombinationer (1lag/2lag x Procent/Lagtykkelser). Snittegningerne opdaterer korrekt. Bemærk: M39:N44 ryddet (ubrugte hjælpefelter fra gammel proportional skala).
A8: 7 | B8: 46165 | C8: Ret geonet-streger til stiplede linjer som i fane 8 eksempel; ret geonet-label placering. | D8: Skiftede geonet-streger til stiplet (Dash + Medium). Øverste streg på I97 via betinget formatering ved 2 lag-mode. Nederste streg på I100 statisk. Signaturforklaring B110 opdateret med stiplet streg. K97/K100 labels unmerget og top-aligned. | E8: Brugte enum-konstanter Excel.BorderLineStyle.dash + Excel.BorderWeight.medium (string-syntax 'Dash'+'Thick' fejlede tavst). I97 conditional format: '=$N$8="2 lag/flere lag"' → dash top border. I100 static dash top border. B110 dash top+bottom for tydelig vising i signaturforklaring. | F8: Begge stiplede streger virker; labels placeret korrekt. Brugeren godkendte placering.
A9: 8 | B9: 46165 | C9: Gør de to geonet-streger ensartede. | D9: Inverterede logikken på I97: statisk stiplet streg som standard, betinget formatering SKJULER stregen ved 1 lag (i stedet for at vise den ved 2 lag). Når begge streger nu er direkte cellefær-borders, ser de identiske ud. | E9: I97 EdgeTop: Dash + Medium + #000000 statisk. Conditional format: '=$N$8="1 lag"' → EdgeTop None. Matcher I100 statisk streg. | F9: Begge streger er nu visuelt identiske. Verificeret i 2 lag-mode.
A10: 9 | B10: 46165 | C10: Byt rundt på sektion H og I så de står i alfabetisk rækkefølge. | D10: Opdaterede 4 celler på fane 2 + 1 formel på fane 3. Reduktionsstrategi er nu Sektion H (B67); Snittegning er nu Sektion I (B89). Alle henvisninger i andre celler opdateret tilsvarende. | E10: 2. Dimensionering: B20 (sektion B-beskrivelse), D55 (formel-tekst), B67 (overskrift), B89 (overskrift). 3. Sådan beregnes det: B64 (formel-tekst). Selve celleområderne for sektionerne uberørte. | F10: Sektion H = Reduktionsstrategi (B67-B87), Sektion I = Snittegning (B89-K112). Henvisninger konsistente på tværs af bogen.
A11: 10 | B11: 46165 | C11: Opdater C105 (bærelagstykkelse uarmeret) så den også tager højde for indtastet tykkelse i sektion C. | D11: Opdaterede formel i C105 så den bruger D26 (sum af D23:D25) når mode='Lagtykkelser', ellers C46 (dimensionerende fra opslagstabel). | E11: Ny formel: ="Bærelagstykkelse uarmeret: "&IF($C$21="Lagtykkelser",ROUND($D$26,0),ROUND($C$46,0))&" mm". Verificeret: viser nu 800 mm (sum af D23=300+D24=500) i Lagtykkelser-mode. | F11: Formel opdateret; viser brugerens indtastede sum 800 mm i Lagtykkelser-mode.
A12: 11 | B12: 46168 | C12: Slet hele Sektion I 'Snittegning' på fane 2 Dimensionering inkl. alt der refererer til den, og omdøb Sektion J til Sektion I. | D12: Slettede rækker 89-120 på '2. Dimensionering' (header + beskrivelse + selve snittegningen + signaturforklaring). Sektion J 'Udførelseskrav' rykkede op til række 89 og er omdøbt til 'I. Udførelseskrav for dit valg'. | E12: Verificeret at M10:N12 (lag-offset, Eo-kolonneindeks, Eu-række-match) ikke er relateret til Snittegning men er kritiske mellemregninger for N15/N16/N26/N27 — disse blev efter brugerens valg bevaret. Tjekkede '3. Sådan beregnes det' og Forsiden for tekstreferencer til 'Sektion I'/'Snittegning' — ingen fundet (kun selve B89/B90 på fane 2 som blev slettet). Sletningen brugte Range('89:120').delete(shiftUp). | F12: Sektion I er nu Udførelseskrav (tidl. J). Hovedberegningen kører videre: T_uarmeret=1000 mm, T_armeret=579 mm, reduktion=421 mm. Ingen #REF!/#VALUE!-fejl på arket.
A13: 12 | B13: 46168 | C13: Lever en kortfattet men teknisk komplet beskrivelse af projektarket som .md-fil, til brug som udgangspunkt for at bygge en app. | D13: Læste fane 4-7 (korrektionsfaktorer, materialer, geonet-DB, opslagstabeller) og samlede en 12-sektion specifikation i geonet_app_specifikation.md. Inkluderer beregningsalgoritme, datatabeller, validering, UI-arkitektur, kildedokumenter og en konkret test-vektor. | E13: Specifikationen dækker: gyldighedsområder, input-grupper A-E, 7-trins beregning med lineaer interpolation i designdiagrammet, 6 datatabel-strukturer (T_basis-tabel, materiale-DB, geonet-DB, belastningsklasser, Cv→Eu, korrektionsfaktorer), produkt-klasse-matrix, advarsler, og en verificeret test-vektor (Cv=54, Eo=120, TX160, 2 lag → T_uarm=1000, T_arm=579 mm). Fil: 16,6 kB. | F13: MD-fil leveret som download. Ingen ændringer på projektarket selv.
... A17: 16 | B17: 46181 | C17: Giv eksempel på hvordan tabel 7.1 er udfyldt — én aflæst direkte og én interpoleret værdi. | D17: Leverede to gennemregnede eksempler i chatten baseret på rådata fra diagram 1 (Eo=30, Uarmeret) i 7.2. | E17: Eksempel 1 (aflæst direkte): C17 = 60 cm — Eu=10 MPa matcher rådata-punkt (B43=60, C43=10) præcis, så tykkelsen aflæses direkte uden interpolation. Eksempel 2 (interpoleret): C12 = 96.7 cm — Eu=4 MPa findes ikke i rådata; ligger mellem Eu=5 (B46=90 cm) og Eu=3.5 (B47=100 cm), så lineær interpolation giver T = 90 + (5-4)/(5-3.5)*(100-90) = 96.67 ≈ 96.7 cm. Begge tal beregnes af samme LET-formel i AJ-matricen via euhigh/eulow + tilsvarende thigh/tlow. | F17: Forklaring leveret i chat med trin-for-trin udregning. Ingen ændringer i arket.

Sheet 1. Forside
B2: Geonet Dimensioneringsværktøj — Version 1.1
B4: Dimensionering af ubundne bærelag i vejopbygninger med geonet-armering
B6: Dette værktøj beregner krævet bærelagstykkelse i en vejopbygning, hvor geonet anvendes som armering. Værktøjet er baseret på publicerede designdiagrammer fra GS-GRID / E'GRID Designmanual (okt. 2025) og Tensar Geonet Designmanual (sept. 2024), kombineret med en friktionsvinkel-korrektion fra Byggros' interne rådata-grundlag.
B10: Sådan bruger du værktøjet
B12: 1. | C12: Gå til fane "2. Dimensionering" og udfyld de blå inputfelter.
B13: 2. | C13: Sektion A: Indtast underbundens bæreevne — enten direkte (Eu) eller via vingestyrke (Cv).
B14: 3. | C14: Sektion B: Vælg en belastningsklasse (1-6) eller indtast Eo direkte.
B15: 4. | C15: Sektion C: Vælg bærelagsmateriale(r) fra dropdown — op til 3 lag med procentvis fordeling. Friktionsvinklen beregnes som vægtet gennemsnit. Alternativt kan du indtaste phi direkte.
B16: 5. | C16: Sektion D: Vælg armering — 19 produkter er tilgængelige, plus "Anden armering (manuel)" hvor du selv indtaster korrektionsfaktor.
B17: 6. | C17: Sektion E: Vælg lagopbygning (1 lag, 2 lag eller flere lag).
B18: 7. | C18: Sektion F: Aflæs resultatet — bærelagstykkelse vises som et interval (nedre/øvre).
B19: 8. | C19: Sektion G: Tjek advarsler. Se "3. Sådan beregnes det" for trin-for-trin gennemgang af din beregning.
B21: Forudsætninger og begrænsninger
B22: • | C22: Dimensioneringen forudsætter velgraduerede friktionsmaterialer som bærelag (phi > 35°).
B23: • | C23: Underbundens E-modul skal være Eu = 3 - 45 MPa (svarer til Cv ≈ 5 - 250 kN/m²).
B24: • | C24: Krævet E-modul på toppen af bærelaget skal være Eo = 30 - 150 MPa (svarer til belastningsklasse 1-6).
B25: • | C25: Vejen forudsættes at have dynamisk (trafik-) belastning. Værktøjet er IKKE egnet til statisk belastede konstruktioner såsom pæledæmninger eller forbelastede vejdæmninger.
B26: • | C26: Resultatet er en projekteringsmæssig dimensionering — for komplekse forhold (blød underbund, høj grundvandsstand, særlige belastninger) skal en geotekniker konsulteres.
B27: • | C27: Bemærk: Værktøjet bruger designmanualernes officielle korrektionsfaktorer som standard. Disse kan overstyres på fane "4. Korrektionsfaktorer".
B29: Kildedokumenter
B30: Dokument | C30: Dato/version
B31: GS-GRID / E'GRID Designmanual | C31: Okt. 2025 | F31: Officielle korrektionsfaktorer og designdiagrammer 1-6 (digitaliseret)
B32: Tensar Geonet Designmanual | C32: Sept. 2024 | F32: Korrektionsfaktorer for Tensar-serien (SS30, TX150-160, HX5.5-165, NX750-850)
B33: BG Designmanual input til program (AKK) | C33: 21/12-2016 | F33: Phi-korrektion (−2%/grad) og skærver-tabel til krydsvalidering
B34: Datablade: TX160, GS-GRID biaxial, GS-GRID SX | C34: 2024-2025 | F34: Tekniske data om maskestørrelse, max kornstørrelse mv.
B36: Versionshistorik
B37: Version | C37: Dato | D37: Ændring
B38: 1.0 | C38: 19/05-2026 | D38: Første udgivelse. Baseret på digitaliserede designdiagrammer fra GS-GRID/E'GRID Designmanual.
B40: Farvekoder i værktøjet
B41: Blå tekst | C41: Brugerinput — celler du selv udfylder
B42: Sort tekst | C42: Beregnede værdier og formler
B43: Grøn tekst | C43: Krydshenvisning mellem faneblade
B44: Gul baggrund (lys) | C44: Inputfelter der kræver din opmærksomhed
B45: Gul baggrund (medium) | C45: Hovedresultat — den anbefalede dimensionering
B46: Orange baggrund | C46: Advarsler eller fejlmeddelelser
B47: Grå baggrund | C47: Værdier aflæst fra diagrammer (mindre præcise)
B50: Udarbejdet af Dan Strand - BG Byggros A/S, Østbirkvej 2, 5240 Odense NØ.

Sheet 2. Dimensionering
B1: 2. Dimensionering — Beregning af bærelagstykkelse
B3: Udfyld de blå inputfelter nedenfor. Resultatet vises automatisk i Sektion F. Læs forklaringen af beregningen på fane "3. Sådan beregnes det". | M3: --- Mellemregninger ---
B5: A. Underbund (råjordsplanum) | M5: Eu_input (MPa): | N5: =$C$11 -> 10
B6: Vælg om du indtaster Eu direkte (pladebelastning) eller via vingestyrke Cv. | M6: Eo_input (MPa): | N6: =$C$17 -> 150
B7: Indtastningsmetode: | C7: Direkte (Eu) | M7: φ_input (°): | N7: =$C$30 -> 37.5
B8: Vingestyrke Cv: | C8: 54 | D8: (udfyldes hvis "Via vingestyrke" valgt) | M8: Lag_input: | N8: =$C$43 -> 2 lag/flere lag
B9: Eu (direkte): | C9: 10 | D9: (udfyldes hvis "Direkte" valgt)
B10: Afledt Eu (fra Cv): | C10: =IF(C7="Via vingestyrke (Cv)",IFERROR(IF(ISBLANK(C8),"",INDEX('7. Opslagstabeller'!$B$107:$D$112,MATCH(C8,INDEX('7. Opslagstabeller'!$B$107:$D$112,0,1),1),3)),"-"),"-") -> - | D10: (beregnes automatisk) | M10: Lag-offset (0/1/2): | N10: =IF($N$8="1 lag",1,2) -> 2
B11: → Eu brugt i beregning: | C11: =IF(C7="Direkte (Eu)",C9,C10) -> 10 | M11: Eo→kolonneindex (U): | N11: =IF($N$6<=30,2,IF($N$6<=45,5,IF($N$6<=60,8,IF($N$6<=80,11,IF($N$6<=120,14,17))))) -> 17
M12: Eu række-match: | N12: =MATCH($N$5,'7. Opslagstabeller'!$B$10:$B$27,1) -> 8
B13: B. Krav til overflade (E-modul på toppen af bærelaget) | M13: Eu_lower (MPa): | N13: =INDEX('7. Opslagstabeller'!$B$10:$B$27,$N$12) -> 10
B14: Vælg en belastningsklasse fra dropdown, eller indtast Eo direkte. | M14: Eu_upper (MPa): | N14: =IFERROR(INDEX('7. Opslagstabeller'!$B$10:$B$27,$N$12+1),"") -> 12
B15: Belastningsklasse: | C15: 6 - Meget tung trafik (Eo=150) | M15: T_low (cm): | N15: =IFERROR(IF(ISNUMBER(INDEX('7. Opslagstabeller'!$B$10:$T$27,$N$12,$N$11+$N$10)),INDEX('7. Opslagstabeller'!$B$10:$T$27,$N$12,$N$11+$N$10),""),"") -> 66.7
B16: Eo (direkte): | D16: (udfyldes hvis "Indtast Eo direkte" valgt) | M16: T_high (cm): | N16: =IFERROR(IF(ISNUMBER(INDEX('7. Opslagstabeller'!$B$10:$T$27,$N$12+1,$N$11+$N$10)),INDEX('7. Opslagstabeller'!$B$10:$T$27,$N$12+1,$N$11+$N$10),""),"") -> 60
B17: → Eo brugt i beregning: | C17: =IF(C15="Indtast Eo direkte",C16,IFERROR(VALUE(MID(C15,FIND("Eo=",C15)+3,FIND(")",C15,FIND("Eo=",C15))-FIND("Eo=",C15)-3)),"")) -> 150 | M17: T_basis (cm): | N17: =IFERROR(IF(AND(ISNUMBER($N$15),ISNUMBER($N$16),ISNUMBER($N$14),$N$14<>$N$13),$N$15+($N$5-$N$13)/($N$14-$N$13)*($N$16-$N$15),IF(ISNUMBER($N$15),$N$15,"")),"") -> 66.7
M18: T_basis (mm): | N18: =IFERROR($N$17*10,"") -> 667
B19: C. Bærelagsmateriale (op til 3 lag eller manuel φ)
B20: Vælg indtastningsmetode nedenfor. PROCENT: angiv vægtning mellem materialer (sum 100%). LAGTYKKELSER: angiv konkrete lagtykkelser i mm — så låses op for plan-sammenligning og reduktionsstrategi (Sektion H). | M20: φ-korrektion: | N20: ='4. Korrektionsfaktorer'!$E$7*($N$7-35) -> -0.05
B21: Indtastningsmetode: | C21: Lagtykkelser | E21: ← skift mellem procentvis vægtning og konkrete lagtykkelser | M21: Net-korrektion: | N21: =$C$39 -> -0.1
B22: Materiale | C22: Andel (%) | D22: Tykkelse (mm) | E22: φ (°) | F22: Lagtype | M22: Samlet faktor: | N22: =1+$N$20+$N$21 -> 0.85
B23: SG I 0-32 | C23: 1 | D23: 300 | E23: =IFERROR(VLOOKUP(B23,'5. DB Materialer'!$B$6:$F$18,2,FALSE()),"") -> 40 | F23: =IFERROR(VLOOKUP(B23,'5. DB Materialer'!$B$6:$F$18,4,FALSE()),"") -> Bærelag | M23: T_armeret (mm): | N23: =IFERROR($N$18*$N$22,"") -> 566.95
B24: Bundsand | D24: 300 | E24: =IFERROR(VLOOKUP(B24,'5. DB Materialer'!$B$6:$F$18,2,FALSE()),"") -> 35 | F24: =IFERROR(VLOOKUP(B24,'5. DB Materialer'!$B$6:$F$18,4,FALSE()),"") -> Bundsikring
E25: =IFERROR(VLOOKUP(B25,'5. DB Materialer'!$B$6:$F$18,2,FALSE()),"") | F25: =IFERROR(VLOOKUP(B25,'5. DB Materialer'!$B$6:$F$18,4,FALSE()),"")
B26: Sum: | C26: =SUM(C23:C25) -> 1 | D26: =SUM(D23:D25) -> 600 | E26: =IF($C$21="Procent",IF(ABS($C$26-1)>0.001,"⚠ Sum skal være 100% i Procent-mode",""),IF($D$26=0,"⚠ Indtast lagtykkelser i mm","Total opbygning: "&TEXT($D$26,"0")&" mm")) -> Total opbygning: 600 mm | M26: T_uarm_low (cm): | N26: =IFERROR(IF(ISNUMBER(INDEX('7. Opslagstabeller'!$B$10:$T$27,$N$12,$N$11)),INDEX('7. Opslagstabeller'!$B$10:$T$27,$N$12,$N$11),""),"") -> 110
B27: Lagstruktur: | C27: =IF($C$21="Procent","",IF(AND(F23="Bundsikring",F24="Bærelag"),"⚠ Lag 1 er bundsikring og lag 2 er bærelag — har du byttet rækkefølgen? Bærelag skal stå øverst.",IF(AND(F24="Bundsikring",F25="Bærelag"),"⚠ Lag 2 er bundsikring og lag 3 er bærelag — har du byttet rækkefølgen?",""))) | M27: T_uarm_high (cm): | N27: =IFERROR(IF(ISNUMBER(INDEX('7. Opslagstabeller'!$B$10:$T$27,$N$12+1,$N$11)),INDEX('7. Opslagstabeller'!$B$10:$T$27,$N$12+1,$N$11),""),"") -> 100
B28: Vægtet φ (fra materialer): | C28: =IFERROR(IF($C$21="Procent",IF($C$26=0,"",SUMPRODUCT($C$23:$C$25,$E$23:$E$25)/$C$26),IF($D$26=0,"",SUMPRODUCT($D$23:$D$25,$E$23:$E$25)/$D$26)),"") -> 37.5 | M28: T_uarmeret (mm): | N28: =IFERROR(IF(AND(ISNUMBER($N$26),ISNUMBER($N$27),ISNUMBER($N$14),$N$14<>$N$13),($N$26+($N$5-$N$13)/($N$14-$N$13)*($N$27-$N$26))*10,IF(ISNUMBER($N$26),$N$26*10,"")),"") -> 1100
B29: ELLER manuel φ : | D29: (udfyldes hvis du vil overstyre den vægtede)
B30: → φ brugt i beregning: | C30: =IF(ISBLANK($C$29),$C$28,$C$29) -> 37.5
B31: φ-korrektion anvendt: | C31: =N20 -> -0.05
B32: Friktionsvinkel-korrektionen justerer basis-tykkelsen fra opslagstabellen, som er baseret på et standardmateriale med φ ≈ 35°. For hver grad over 35° reduceres tykkelsen med 2 %, og for φ under 35° øges tykkelsen tilsvarende. I beregningen anvendes den som en multiplikativ faktor på T_basis sammen med net-korrektionen: T_armeret = T_basis × (1 + φ-korrektion + net-korrektion). En negativ værdi betyder der reduceres i tykkelsen.
M33: --- Reduktionsstrategi ---
B34: D. Armering | M34: Sum bærelag (mm): | N34: =SUMIF(F23:F25,"Bærelag",D23:D25) -> 300
B35: Vælg geonet-produkt. Korrektionsfaktoren slås automatisk op. Vælg "Anden armering" for manuelt indtastet korrektion (fx for konkurrentprodukter). | M35: Sum bundsikring (mm): | N35: =SUMIF(F23:F25,"Bundsikring",D23:D25) -> 300
B36: Geonet: | C36: GS-GRID SX170 | E36: {=_xlfn.LET( _xlpm.eo, $C$17, _xlpm.net, $C$36, _xlpm.klasse, _xlfn.IFS( _xlpm.eo="", 0, _xlpm.eo<=30, 1, _xlpm.eo<=45, 2, _xlpm.eo<=60, 3, _xlpm.eo<=80, 4, _xlpm.eo<=120, 5, _xlpm.eo<=150, 6, TRUE(), 0 ), _xlpm.ertensar, ISNUMBER(SEARCH("Tensar", _xlpm.net)), _xlpm.ergsgrid, OR(ISNUMBER(SEARCH("GS-GRID", _xlpm.net)), ISNUMBER(SEARCH("E'GRID", _xlpm.net))), _xlpm.oktensar, _xlfn.IFS( _xlpm.net="Tensar TriAx TX150", AND(_xlpm.klasse>=1, _xlpm.klasse<=4), _xlpm.net="Tensar TriAx TX160", AND(_xlpm.klasse>=3, _xlpm.klasse<=6), _xlpm.net="Tensar InterAx NX750", AND(_xlpm.klasse>=5, _xlpm.klasse<=6), _xlpm.net="Tensar InterAx NX850", AND(_xlpm.klasse>=5, _xlpm.klasse<=6), _xlpm.net="Tensar HX5.5", AND(_xlpm.klasse>=1, _xlpm.klasse<=5), _xlpm.net="Tensar SS30", AND(_xlpm.klasse>=3, _xlpm.klasse<=5), _xlpm.net="Tensar HX165", AND(_xlpm.klasse>=4, _xlpm.klasse<=6), TRUE(), FALSE() ), _xlpm.okgsgrid, _xlfn.IFS( OR(_xlpm.net="GS-GRID B20/20", _xlpm.net="GS-GRID B20/20L"), AND(_xlpm.klasse>=1, _xlpm.klasse<=3), OR(_xlpm.net="GS-GRID B30/30", _xlpm.net="GS-GRID B30/30L"), AND(_xlpm.klasse>=3, _xlpm.klasse<=5), OR(_xlpm.net="GS-GRID SX160", _xlpm.net="E'GRID T6"), AND(_xlpm.klasse>=3, _xlpm.klasse<=6), OR(_xlpm.net="GS-GRID B30/30XL", _xlpm.net="GS-GRID B40/40", _xlpm.net="GS-GRID B40/40L"), AND(_xlpm.klasse>=4, _xlpm.klasse<=6), OR(_xlpm.net="GS-GRID SX170", _xlpm.net="E'GRID T7"), AND(_xlpm.klasse>=4, _xlpm.klasse<=6), _xlpm.net="E'GRID T9L", AND(_xlpm.klasse>=4, _xlpm.klasse<=6), TRUE(), FALSE() ), _xlpm.tilladteklasser, _xlfn.IFS( _xlpm.net="Tensar TriAx TX150", "1, 2, 3 og 4", _xlpm.net="Tensar TriAx TX160", "3, 4, 5 og 6", _xlpm.net="Tensar InterAx NX750", "5 og 6", _xlpm.net="Tensar InterAx NX850", "5 og 6", _xlpm.net="Tensar HX5.5", "1, 2, 3, 4 og 5", _xlpm.net="Tensar SS30", "3, 4 og 5", _xlpm.net="Tensar HX165", "4, 5 og 6", OR(_xlpm.net="GS-GRID B20/20", _xlpm.net="GS-GRID B20/20L"), "1, 2 og 3", OR(_xlpm.net="GS-GRID B30/30", _xlpm.net="GS-GRID B30/30L"), "3, 4 og 5", OR(_xlpm.net="GS-GRID SX160", _xlpm.net="E'GRID T6"), "3, 4, 5 og 6", OR(_xlpm.net="GS-GRID B30/30XL", _xlpm.net="GS-GRID B40/40", _xlpm.net="GS-GRID B40/40L"), "4, 5 og 6", OR(_xlpm.net="GS-GRID SX170", _xlpm.net="E'GRID T7"), "4, 5 og 6", _xlpm.net="E'GRID T9L", "4, 5 og 6", TRUE(), "ukendt" ), IF(_xlpm.klasse=0, "⚠ Kan ikke bestemme belastningsklasse ud fra E0="&_xlpm.eo&" (forventer 0–150 MPa).", IF(OR(_xlpm.net="", ISBLANK(_xlpm.net)), "Vælg et geonet i C34 for at få tjek mod designmanualens anbefalinger.", IF(_xlpm.ertensar, IF(_xlpm.oktensar, "✓ Det valgte geonet kan anvendes indenfor belastningsklasse "&_xlpm.tilladteklasser, "⚠ Det valgte geonet anbefales kun anvendt i belastningsklasse "&_xlpm.tilladteklasser ), IF(_xlpm.ergsgrid, IF(_xlpm.okgsgrid, "✓ Det valgte geonet kan anvendes indenfor belastningsklasse "&_xlpm.tilladteklasser, "⚠ Det valgte geonet anbefales kun anvendt i belastningsklasse "&_xlpm.tilladteklasser ), "⚠ Geonet kan ikke matches til Tensar eller GS-GRID/E'GRID. Tjek produktnavn i C34." ) ) ) ) )} -> ✓ Det valgte geonet kan anvendes indenfor belastningsklasse 4, 5 og 6 | M36: Planlagt total (mm): | N36: =IFERROR($D$26,0) -> 600
B37: Standard korrektion: | C37: =IFERROR(VLOOKUP($C$36,'6. DB Geonet'!$B$6:$J$25,4,FALSE()),0) -> -0.1 | M37: Mulig besparelse (mm): | N37: =IFERROR(MAX(0,$N$36-$C$47),0) -> 33.05
B38: Manuel korrektion: | D38: (udfyldes for "Anden armering" eller for at overstyre)
B39: → Net-korrektion: | C39: =IF(ISBLANK($C$38),$C$37,$C$38) -> -0.1
B41: E. Lagopbygning
B42: Vælg antal lag geonet.
B43: Antal lag: | C43: 2 lag/flere lag
B45: F. Resultater
B46: Tykkelse uden armering: | C46: =$N$28 -> 1100 | D46: (reference til sammenligning - hvor tyk skal opbygningen være, hvis der ikke armeres, jf. designdiagrammerne?)
B47: Armeret tykkelse: | C47: =$N$23 -> 566.95 | D47: ← ANBEFALET DIMENSIONERENDE VÆRDI (basis × φ-korr × net-korr)
B49: Reduktion ift. uarmeret: | C49: =IFERROR($C$46-$C$47,"") -> 533.05 | D49: =IFERROR(($C$46-$C$47)/$C$46,"") -> 0.48459091 | F49: (mm sparet og % reduktion)
B51: =IF($C$21="Lagtykkelser","━━━ Sammenligning med din planlagte opbygning ━━━","") -> ━━━ Sammenligning med din planlagte opbygning ━━━
B52: Planlagt opbygning: | C52: =IF($C$21="Lagtykkelser",$D$26,"") -> 600 | D52: =IF($C$21="Lagtykkelser","(sum af lagtykkelser fra Sektion C)","") -> (sum af lagtykkelser fra Sektion C)
B53: Afvigelse ift. uarmeret krav: | C53: =IF($C$21="Lagtykkelser",IFERROR($C$52-$C$46,""),"") -> -500 | D53: =IF($C$21<>"Lagtykkelser","",IFERROR(IF($C$52>=$C$46,"✓ Planlagt opbygning har TILSTRÆKKELIG tykkelse uden armering ("&TEXT($C$52-$C$46,"+0;-0")&" mm i forhold til krav på "&TEXT($C$46,"0")&" mm)","⚠ Planlagt opbygning har UTILSTRÆKKELIG tykkelse uden armering ("&TEXT($C$52-$C$46,"+0;-0")&" mm i forhold til krav på "&TEXT($C$46,"0")&" mm)"),"")) -> ⚠ Planlagt opbygning har UTILSTRÆKKELIG tykkelse uden armering (-500 mm i forhold til krav på 1100 mm)
B54: Afvigelse ift armeret krav: | C54: =IF($C$21="Lagtykkelser",IFERROR($C$52-$C$47,""),"") -> 33.05 | D54: =IF($C$21<>"Lagtykkelser","",IFERROR(IF($C$52>=$C$47,"✓ Planlagt opbygning har TILSTRÆKKELIG tykkelse med armering ("&TEXT($C$52-$C$47,"+0;-0")&" mm i forhold til krav på "&TEXT($C$47,"0")&" mm)","❌ Planlagt opbygning har UTILSTRÆKKELIG tykkelse selv med armering ("&TEXT($C$52-$C$47,"+0;-0")&" mm i forhold til krav på "&TEXT($C$47,"0")&" mm) — forøg lagtykkelserne"),"")) -> ✓ Planlagt opbygning har TILSTRÆKKELIG tykkelse med armering (+33 mm i forhold til krav på 567 mm)
B55: Mulig reduktion af planlagt opbygning: | C55: =IF($C$21="Lagtykkelser",IFERROR(MAX(0,$C$52-$C$47),""),"") -> 33.05 | D55: =IF($C$21="Lagtykkelser","← se Sektion H for reduktionsstrategi","") -> ← se Sektion H for reduktionsstrategi
B57: G. Advarsler og anbefalinger
B58: Eu gyldighed: | C58: =IF(NOT(ISNUMBER($N$5)),"⚠ Indtast Eu eller Cv i Sektion A",IF($N$5<3,"❌ FEJL: Eu < 3 MPa er udenfor diagrammets gyldighedsområde (3-45 MPa). Kontakt Byggros.",IF($N$5>45,"❌ FEJL: Eu > 45 MPa er udenfor diagrammets gyldighedsområde (3-45 MPa). Kontakt Byggros.","")))
B59: Eo gyldighed: | C59: =IF(NOT(ISNUMBER($N$6)),"⚠ Vælg belastningsklasse i Sektion B",IF($N$6<30,"❌ FEJL: Eo < 30 MPa er udenfor gyldighedsområde (30-150 MPa).",IF($N$6>150,"❌ FEJL: Eo > 150 MPa er udenfor gyldighedsområde (30-150 MPa).","")))
B60: φ gyldighed: | C60: =IF(NOT(ISNUMBER($N$7)),"",IF($N$7<35,"⚠ φ < 35° — værktøjet forudsætter friktionsmateriale med φ ≥ 35°. Resultat kan være for optimistisk.",IF($N$7>50,"⚠ φ > 50° — usædvanlig høj værdi, dobbelttjek materialevalget.","")))
B61: Materialesum: | C61: =IF(AND($C$26>0,ABS($C$26-1)>0.001),"⚠ Summen af materialeandele er ikke 100%. Justér i Sektion C.","")
B62: Lagopbygning: | C62: =IF(AND($N$8<>"Uarmeret",NOT(ISNUMBER($N$17))),"⚠ Den valgte lagopbygning er ikke understøttet for denne Eu/Eo-kombination. Prøv en anden konfiguration.","")
B63: Korn vs maske: | C63: =IFERROR(IF(AND(ISNUMBER(IFERROR(VLOOKUP($C$36,'6. DB Geonet'!$B$6:$J$25,6,FALSE()),"")),(MAX(IFERROR(VLOOKUP(B23,'5. DB Materialer'!$B$6:$F$18,3,FALSE()),0),IFERROR(VLOOKUP(B24,'5. DB Materialer'!$B$6:$F$18,3,FALSE()),0),IFERROR(VLOOKUP(B25,'5. DB Materialer'!$B$6:$F$18,3,FALSE()),0)))>IFERROR(VLOOKUP($C$36,'6. DB Geonet'!$B$6:$J$25,6,FALSE()),"")),"⚠ Bærelagets max korn (" & (MAX(IFERROR(VLOOKUP(B23,'5. DB Materialer'!$B$6:$F$18,3,FALSE()),0),IFERROR(VLOOKUP(B24,'5. DB Materialer'!$B$6:$F$18,3,FALSE()),0),IFERROR(VLOOKUP(B25,'5. DB Materialer'!$B$6:$F$18,3,FALSE()),0))) & " mm) overstiger nettets anbefalede max korn (" & IFERROR(VLOOKUP($C$36,'6. DB Geonet'!$B$6:$J$25,6,FALSE()),"") & " mm). Overvej net med større maske.",""),"")
B64: Min. dæklag: | C64: =IFERROR(IF(AND(ISNUMBER($C$47),ISNUMBER(IFERROR(VLOOKUP($C$36,'6. DB Geonet'!$B$6:$J$25,7,FALSE()),"")),$C$47<IFERROR(VLOOKUP($C$36,'6. DB Geonet'!$B$6:$J$25,7,FALSE()),"")*10),"⚠ Dimensioneret tykkelse er mindre end nettets minimum dæklag (" & IFERROR(VLOOKUP($C$36,'6. DB Geonet'!$B$6:$J$25,7,FALSE()),"") & " cm). Vælg et tyndere net eller flere lag.",""),"")
B65: Anbefaling om lag: | C65: =IF(AND(ISNUMBER($C$47),$N$8="1 lag",$C$47>500),"💡 Total tykkelse > 500 mm — overvej 2 lag for yderligere reduktion.",IF(AND(ISNUMBER($C$47),$N$8="2 lag/flere lag",$C$47<400),"💡 Total tykkelse < 400 mm — 1 lag er typisk tilstrækkeligt og mere økonomisk.",""))
B67: H. Reduktionsstrategi og foreslået armeret design (kun lagtykkelse-mode)
B68: Denne sektion er kun aktiv når du har indtastet lagtykkelser i Sektion C. Vælg hvordan besparelsen ved armering skal fordeles mellem dine lag, eller indtast manuelt nye lagtykkelser. Værktøjet validerer at min. 200 mm dæklag overholdes for geonettet.
B69: =IF($C$21<>"Lagtykkelser","ⓘ Sektionen er ikke aktiv — skift indtastningsmetode til ""Lagtykkelser"" i Sektion C for at bruge den.","")
B71: Reduktionsstrategi: | C71: Manuel justering | E71: ← bestemmer hvor besparelsen tages fra
B73: Lag | C73: Materiale | D73: Planlagt (mm) | E73: Foreslået (mm) | F73: Manuel (mm) | G73: Endeligt (mm) | H73: Lagtype
B74: Lag 1 | C74: =IFERROR(B23,"") -> SG I 0-32 | D74: =IFERROR(D23,"") -> 300 | E74: =IF($C$21<>"Lagtykkelser","",IF(OR(ISBLANK(B23),IFERROR(D23,0)=0),"",IF($C$71="Reducer bærelag",IF(F23="Bærelag",MAX(0,D23-$N$37*D23/MAX($N$34,1)),D23),IF($C$71="Reducer bundsikring",IF(F23="Bundsikring",MAX(0,D23-$N$37*D23/MAX($N$35,1)),D23),IF($C$71="Reducer alle proportionalt",D23*IFERROR($C$47/$N$36,1),D23))))) -> 300 | G74: =IF($C$21<>"Lagtykkelser","",IF(OR(ISBLANK(B23),IFERROR(D23,0)=0),"",IF(ISBLANK(F74),IF($C$71="Manuel justering",D23,E74),F74))) -> 300 | H74: =IFERROR(F23,"") -> Bærelag
B75: Lag 2 | C75: =IFERROR(B24,"") -> Bundsand | D75: =IFERROR(D24,"") -> 300 | E75: =IF($C$21<>"Lagtykkelser","",IF(OR(ISBLANK(B24),IFERROR(D24,0)=0),"",IF($C$71="Reducer bærelag",IF(F24="Bærelag",MAX(0,D24-$N$37*D24/MAX($N$34,1)),D24),IF($C$71="Reducer bundsikring",IF(F24="Bundsikring",MAX(0,D24-$N$37*D24/MAX($N$35,1)),D24),IF($C$71="Reducer alle proportionalt",D24*IFERROR($C$47/$N$36,1),D24))))) -> 300 | G75: =IF($C$21<>"Lagtykkelser","",IF(OR(ISBLANK(B24),IFERROR(D24,0)=0),"",IF(ISBLANK(F75),IF($C$71="Manuel justering",D24,E75),F75))) -> 300 | H75: =IFERROR(F24,"") -> Bundsikring
B76: Lag 3 | C76: =IFERROR(B25,"") -> 0 | D76: =IFERROR(D25,"") -> 0 | E76: =IF($C$21<>"Lagtykkelser","",IF(OR(ISBLANK(B25),IFERROR(D25,0)=0),"",IF($C$71="Reducer bærelag",IF(F25="Bærelag",MAX(0,D25-$N$37*D25/MAX($N$34,1)),D25),IF($C$71="Reducer bundsikring",IF(F25="Bundsikring",MAX(0,D25-$N$37*D25/MAX($N$35,1)),D25),IF($C$71="Reducer alle proportionalt",D25*IFERROR($C$47/$N$36,1),D25))))) | G76: =IF($C$21<>"Lagtykkelser","",IF(OR(ISBLANK(B25),IFERROR(D25,0)=0),"",IF(ISBLANK(F76),IF($C$71="Manuel justering",D25,E76),F76))) | H76: =IFERROR(F25,"")
B77: Total: | D77: =SUM(D74:D76) -> 600 | E77: =IFERROR(SUM(E74:E76),"") -> 600 | G77: =IF($C$21<>"Lagtykkelser","",IFERROR(SUM(G74:G76),"")) -> 600
B79: Endeligt vs. armeret krav: | C79: =IF($C$21<>"Lagtykkelser","",IFERROR($G$77-$C$47,"")) -> 33.05 | D79: =IF($C$21<>"Lagtykkelser","",IFERROR(IF($G$77>=$C$47,"✓ Foreslået opbygning er tilstrækkelig","⚠ Foreslået opbygning er TYNDERE end krævet armeret ("&TEXT($C$47,"0")&" mm) — bæreevnen kan være utilstrækkelig"),"")) -> ✓ Foreslået opbygning er tilstrækkelig
B80: Sparet ift. planlagt: | C80: =IF($C$21<>"Lagtykkelser","",IFERROR($N$36-$G$77,"")) -> 0 | D80: (forskel mellem din planlagte og det foreslåede armerede design)
B82: Geonet placering: | C82: =IF($C$21<>"Lagtykkelser","",IF($C$43="1 lag",IF(COUNTIF(F23:F25,"Bærelag")>=1,"1 net placeres ved laggrænsen mellem nederste bærelag og bundsikring (eller i bunden af nederste bærelag)","1 net placeres ved bunden af bærelaget"),"2 net: ét ved laggrænsen mellem bærelag og bundsikring, og ét ved bunden mod råjordsplanum")) -> 2 net: ét ved laggrænsen mellem bærelag og bundsikring, og ét ved bunden mod råjordsplanum
B84: Advarsler:
B85: 200 mm dæklag: | C85: =IF($C$21<>"Lagtykkelser","",IF(OR(AND(G74<>"",G74>0,G74<200),AND(G75<>"",G75>0,G75<200),AND(G76<>"",G76>0,G76<200)),"⚠ Et eller flere lag er under 200 mm — geonet kræver normalt min. 200 mm dæklag for at opnå armeringseffekt. Vurder om opbygningen er praktisk anvendelig.",""))
B86: Tykkelse vs. krav: | C86: =IF($C$21<>"Lagtykkelser","",IFERROR(IF($G$77<$C$47,"⚠ Total foreslået opbygning ("&TEXT($G$77,"0")&" mm) er tyndere end den dimensionerende anbefaling ("&TEXT($C$47,"0")&" mm). Du kan have legitime grunde til at gå tyndere — men vær opmærksom på risiko for utilstrækkelig bæreevne.",""),""))
B87: Strategi-relevans: | C87: =IF($C$21<>"Lagtykkelser","",IF(AND($C$71="Reducer bærelag",$N$34=0),"⚠ Du har valgt ""Reducer bærelag"" men der er ingen bærelag i din opbygning. Vælg en anden strategi.",IF(AND($C$71="Reducer bundsikring",$N$35=0),"⚠ Du har valgt ""Reducer bundsikring"" men der er ingen bundsikring i din opbygning. Vælg en anden strategi.","")))
B89: I. Udførelseskrav for dit valg
B90: Tjekliste jf. designmanualerne for korrekt indbygning.
B92: Valgt produkt: | C92: =$C$36 -> GS-GRID SX170
B94: Produktspecifikke krav (jf. datablad og designmanual):
B95: Maske/Pitch: | C95: =IFERROR(VLOOKUP($C$36,'6. DB Geonet'!$B$6:$K$25,5,FALSE()),"Verificeres") -> pitch 80 mm | D95: (produktdata fra databladet)
B96: Maks. kornstørrelse: | C96: =IFERROR(IF(ISNUMBER(VLOOKUP($C$36,'6. DB Geonet'!$B$6:$K$25,6,FALSE())),VLOOKUP($C$36,'6. DB Geonet'!$B$6:$K$25,6,FALSE())&" mm",VLOOKUP($C$36,'6. DB Geonet'!$B$6:$K$25,6,FALSE())),"Verificeres") -> 150 mm | D96: (datablad — hård grænse, må ikke overskrides)
B97: Anbef. tilslag: | C97: =IFERROR(IF(ISNUMBER(VLOOKUP($C$36,'6. DB Geonet'!$B$6:$K$25,10,FALSE())),VLOOKUP($C$36,'6. DB Geonet'!$B$6:$K$25,10,FALSE())&" mm",VLOOKUP($C$36,'6. DB Geonet'!$B$6:$K$25,10,FALSE())),"Verificeres") -> Ej oplyst | D97: (designmanualens anbefaling — vejledende)
B98: Min. dæklag over geonet: | C98: =IFERROR(IF(ISNUMBER(VLOOKUP($C$36,'6. DB Geonet'!$B$6:$K$25,7,FALSE())),VLOOKUP($C$36,'6. DB Geonet'!$B$6:$K$25,7,FALSE())&" cm",VLOOKUP($C$36,'6. DB Geonet'!$B$6:$K$25,7,FALSE())),"Verificeres") -> 20 cm | D98: (produktspecifikt minimum)
B99: Maks. tid uden afdækning: | C99: <2 uger | D99: (UV-følsomhed, jf. datablad)
B101: Indbygningskrav (jf. designmanualerne):
B102: Overlæg i samlinger: | C102: =IF(NOT(ISNUMBER($C$11)),"n/a",IF($C$11>=5,"min. 30 cm","min. 40 cm")) -> min. 30 cm | D102: (30 cm ved Eu ≥ 5 MN/m², 40 cm ved Eu < 5)
B103: Afstand mellem geonet-lag: | C103: =IF(OR($N$8="Uarmeret",$N$8="1 lag"),"n/a",IF(IFERROR(VLOOKUP($C$36,'6. DB Geonet'!$B$6:$K$25,2,FALSE()),"")="Tensar","20-40 cm","20-50 cm")) -> 20-50 cm | D103: (kun ved 2+ lag — Tensar: 20-40, GS-GRID/E'GRID: 20-50)
B104: Øverste lag placering: | C104: =IF(OR($N$8="Uarmeret",$N$8="1 lag"),"n/a","min. 20 cm under overflade af bærelag") -> min. 20 cm under overflade af bærelag | D104: (kun ved 2+ lag)
B105: Komprimering: | C105: Undgå vibration på vandholdig underbund | D105: (forhøjer porevandtryk og nedsætter midlertidigt bæreevnen)
B106: Anbefalet kontrol: | C106: Pladebelastning før og efter indbygning | D106: (Referenceblad 6, Dansk Geoteknisk Forening)

Sheet 3. Sådan beregnes det
B1: 3. Sådan beregnes det — Trin-for-trin forklaring
B3: Denne fane viser nøjagtigt hvordan værktøjet er kommet frem til resultatet på fane "2. Dimensionering". Alle tal opdateres automatisk når du ændrer input. Brug denne fane til at forstå beregningen, forklare den til kunder eller dokumentere dimensioneringen i et notat.
B5: Trin 1: Underbundens bæreevne
B6: ="Vi starter med at fastlægge underbundens E-modul (Eu). Du har indtastet "&IF('2. Dimensionering'!$C$7="Direkte (Eu)","Eu direkte: "&TEXT('2. Dimensionering'!$C$11,"0")&" MPa.","vingestyrke, og denne er omsat til Eu via opslag i konverteringstabellen (fane 7.4): Eu = "&TEXT('2. Dimensionering'!$C$11,"0")&" MPa.") -> Vi starter med at fastlægge underbundens E-modul (Eu). Du har indtastet Eu direkte: 10 MPa.
B7: Eu (anvendt i beregning): | C7: ='2. Dimensionering'!$C$11 -> 10
B9: Trin 2: Krav til toppen af bærelaget
B10: ="Det krævede E-modul på toppen af bærelaget (Eo) er fastlagt ud fra belastningsklassen. "&"Du har valgt Eo = "&TEXT('2. Dimensionering'!$C$17,"0")&" MPa, som svarer til en standard belastningsklasse jf. GS-GRID Designmanual fig. 5." -> Det krævede E-modul på toppen af bærelaget (Eo) er fastlagt ud fra belastningsklassen. Du har valgt Eo = 150 MPa, som svarer til en standard belastningsklasse jf. GS-GRID Designmanual fig. 5.
B11: Eo (anvendt i beregning): | C11: ='2. Dimensionering'!$C$17 -> 150 | H11: φ
B13: Trin 3: Bærelagets friktionsvinkel
B14: ="Bærelagets friktionsvinkel (φ) er afgørende for hvor effektivt materialet kan fordele lasten. Værktøjet bruger φ = "&TEXT('2. Dimensionering'!$C$30,"0,0")&"°. "&IF('2. Dimensionering'!$C$21="Lagtykkelser","I LAGTYKKELSE-MODE er φ vægtet efter de konkrete lagtykkelser: Σ(tykkelse_i × φ_i) / Σ(tykkelse_i). ","I PROCENT-MODE er φ vægtet efter de procentvise andele af materialerne. ")&IF('2. Dimensionering'!$C$30<=35,"Dette er minimum for friktionsmaterialer.","Da φ > 35° giver dette en gunstig korrektion på bærelagstykkelsen (se trin 5).") -> Bærelagets friktionsvinkel (φ) er afgørende for hvor effektivt materialet kan fordele lasten. Værktøjet bruger φ = 37,5°. I LAGTYKKELSE-MODE er φ vægtet efter de konkrete lagtykkelser: Σ(tykkelse_i × φ_i) / Σ(tykkelse_i). Da φ > 35° giver dette en gunstig korrektion på bærelagstykkelsen (se trin 5).
B15: φ (anvendt i beregning): | C15: ='2. Dimensionering'!$C$30 -> 37.5
B17: Trin 4: Opslag i designdiagrammet
B18: ="Vi slår nu op i designdiagrammet for Eo = "&TEXT('2. Dimensionering'!$C$17,"0")&" MPa (fane 7.1). Vi vælger kurven for "&'2. Dimensionering'!$C$43&" og finder bærelagstykkelsen ved Eu = "&TEXT('2. Dimensionering'!$C$11,"0")&" MPa. Da valgt/beregnet Eu kan ligge mellem to af tabellens værdier (I dette tilfælde "&TEXT('2. Dimensionering'!$N$13,"0")&" og "&TEXT('2. Dimensionering'!$N$14,"0")&" MPa), interpoleres lineært. Hvis Eu ligger på et punkt i tabellen, aflæses tabelværdien bare direkte" -> Vi slår nu op i designdiagrammet for Eo = 150 MPa (fane 7.1). Vi vælger kurven for 2 lag/flere lag og finder bærelagstykkelsen ved Eu = 10 MPa. Da valgt/beregnet Eu kan ligge mellem to af tabellens værdier (I dette tilfælde 10 og 12 MPa), interpoleres lineært. Hvis Eu ligger på et punkt i tabellen, aflæses tabelværdien bare direkte
B19: Mellem Eu = | C19: ='2. Dimensionering'!$N$13 -> 10 | D19: =CONCATENATE("(T = ",TEXT('2. Dimensionering'!$N$15,"0")," cm)") -> (T = 67 cm)
B20: og Eu = | C20: ='2. Dimensionering'!$N$14 -> 12 | D20: =CONCATENATE("(T = ",TEXT('2. Dimensionering'!$N$16,"0")," cm)") -> (T = 60 cm)
B21: → Basis-tykkelse (evt. interpoleret): | C21: ='2. Dimensionering'!$N$18 -> 667
B23: Trin 5: Korrektion for friktionsvinkel
B24: ="Designdiagrammet er baseret på et standard friktionsmateriale med φ ≈ 35°. Hvis dit materiale har en højere φ, kan bærelaget gøres tilsvarende tyndere. Korrektionen er −2 % per grad over 35° (fra Excel-arket AKK 2016). For φ = "&TEXT('2. Dimensionering'!$C$30,"0,0")&"° giver dette en korrektion på "&TEXT('2. Dimensionering'!$N$20,"+0,0%;-0,0%")&"." -> Designdiagrammet er baseret på et standard friktionsmateriale med φ ≈ 35°. Hvis dit materiale har en højere φ, kan bærelaget gøres tilsvarende tyndere. Korrektionen er −2 % per grad over 35° (fra Excel-arket AKK 2016). For φ = 37,5° giver dette en korrektion på -5,0%.
B25: φ-korrektion anvendt: | C25: ='2. Dimensionering'!$N$20 -> -0.05
B27: Trin 6: Korrektion for armeringstype
B28: ="Designdiagrammet bruger GS-GRID SX160 / E'GRID T6 (eller TriAx TX160) som reference-armering (effektindeks 100). Hvis du har valgt en anden armering, skaleres tykkelsen op eller ned. Du har valgt: "&'2. Dimensionering'!$C$36&". Det giver en korrektion på "&TEXT('2. Dimensionering'!$C$39,"+0,0%;-0,0%")&". Bemærk: positiv = tykkere bærelag (mindre effektiv armering), negativ = tyndere bærelag (mere effektiv armering)." -> Designdiagrammet bruger GS-GRID SX160 / E'GRID T6 (eller TriAx TX160) som reference-armering (effektindeks 100). Hvis du har valgt en anden armering, skaleres tykkelsen op eller ned. Du har valgt: GS-GRID SX170. Det giver en korrektion på -10,0%. Bemærk: positiv = tykkere bærelag (mindre effektiv armering), negativ = tyndere bærelag (mere effektiv armering).
B29: Net-korrektion anvendt: | C29: ='2. Dimensionering'!$C$39 -> -0.1
B31: Trin 7: Sammensætning til dimensionerende tykkelse
B32: Vi multiplicerer basis-tykkelsen med den samlede korrektionsfaktor (1 + φ-korrektion + net-korrektion). Resultatet er den dimensionerende armerede bærelagstykkelse — det er det tal du skal bruge i projektet.
B33: =CONCATENATE("T_armeret = T_basis × (1 + φ-korr + net-korr) = ",TEXT('2. Dimensionering'!$N$18,"0")," mm × ",TEXT('2. Dimensionering'!$N$22,"0.000")," = ",TEXT('2. Dimensionering'!$C$47,"0")," mm") -> T_armeret = T_basis × (1 + φ-korr + net-korr) = 667 mm × 0.001 = 567 mm
B34: → T_armeret (dimensionerende): | C34: ='2. Dimensionering'!$C$47 -> 566.95
B41: Trin 9: Sammenligning med uarmeret opbygning
B42: =IFERROR("Hvis vi havde lavet samme opbygning UDEN armering, ville bærelaget skulle være "&TEXT('2. Dimensionering'!$C$46,"0")&" mm tykt. Med din valgte armering reduceres tykkelsen til "&TEXT('2. Dimensionering'!$C$47,"0")&" mm. Det er en reduktion på "&TEXT('2. Dimensionering'!$C$46-'2. Dimensionering'!$C$47,"0")&" mm svarende til "&TEXT(('2. Dimensionering'!$C$46-'2. Dimensionering'!$C$47)/'2. Dimensionering'!$C$46,"0%")&" — den væsentligste fordel ved at bruge geonet i denne opbygning.","(Beregning ikke mulig — tjek input på fane 2)") -> Hvis vi havde lavet samme opbygning UDEN armering, ville bærelaget skulle være 1100 mm tykt. Med din valgte armering reduceres tykkelsen til 567 mm. Det er en reduktion på 533 mm svarende til 48% — den væsentligste fordel ved at bruge geonet i denne opbygning.
B44: Trin 10: Sammenligning af din planlagte opbygning med kravene
B45: =IF('2. Dimensionering'!$C$21<>"Lagtykkelser","ⓘ Dette trin er kun aktivt i lagtykkelse-mode. Skift indtastningsmetode i Sektion C på fane 2 for at se forklaringen.","I lagtykkelse-mode har du indtastet konkrete tykkelser for hvert lag, og værktøjet kan derfor sammenligne din planlagte opbygning med både uarmeret og armeret krav. Din planlagte total er "&TEXT('2. Dimensionering'!$C$52,"0")&" mm. Sammenlignet med det uarmerede krav på "&TEXT('2. Dimensionering'!$C$46,"0")&" mm har din plan "&IF('2. Dimensionering'!$C$53>=0,"+"&TEXT('2. Dimensionering'!$C$53,"0")&" mm slæk (tilstrækkelig).",TEXT('2. Dimensionering'!$C$53,"0")&" mm — utilstrækkelig uden armering.")&" Sammenlignet med det armerede krav på "&TEXT('2. Dimensionering'!$C$47,"0")&" mm har din plan "&IF('2. Dimensionering'!$C$54>=0,"+"&TEXT('2. Dimensionering'!$C$54,"0")&" mm slæk (tilstrækkelig med armering).",TEXT('2. Dimensionering'!$C$54,"0")&" mm — utilstrækkelig selv med armering.")&" Den mulige besparelse fra din plan ved armering er dermed "&TEXT('2. Dimensionering'!$C$55,"0")&" mm.") -> I lagtykkelse-mode har du indtastet konkrete tykkelser for hvert lag, og værktøjet kan derfor sammenligne din planlagte opbygning med både uarmeret og armeret krav. Din planlagte total er 600 mm. Sammenlignet med det uarmerede krav på 1100 mm har din plan -500 mm — utilstrækkelig uden armering. Sammenlignet med det armerede krav på 567 mm har din plan +33 mm slæk (tilstrækkelig med armering). Den mulige besparelse fra din plan ved armering er dermed 33 mm.
B47: Planlagt total: | C47: ='2. Dimensionering'!$C$52 -> 600
B48: Krav uden armering: | C48: ='2. Dimensionering'!$C$46 -> 1100
B49: Krav med armering: | C49: ='2. Dimensionering'!$C$47 -> 566.95
B50: Mulig besparelse: | C50: ='2. Dimensionering'!$C$55 -> 33.05
B52: Trin 11: Reduktionsstrategi — hvor i opbygningen tages besparelsen?
B53: =IF('2. Dimensionering'!$C$21<>"Lagtykkelser","ⓘ Dette trin er kun aktivt i lagtykkelse-mode.","Når armeringen tillader at du reducerer opbygningen, skal de sparede millimeter tages et eller flere steder. Du har valgt strategien """&'2. Dimensionering'!$C$71&""". "&IF('2. Dimensionering'!$C$71="Reducer bærelag",_xlfn._LONGTEXT("Denne strategi reducerer udelukkende bærelaget/bærelagene (typisk stabilgrus eller knust beton). Hvis du har flere bærelag fordeles reduktionen proportionalt mellem dem. Bundsikringen bevares uændret. Vær opmærksom: hvis bærelaget bliver meget tyndt, kan ","dæklags-kravet på 200 mm være underskredet."),IF('2. Dimensionering'!$C$71="Reducer bundsikring",_xlfn._LONGTEXT("Denne strategi reducerer udelukkende bundsikringen, og bevarer bærelaget i sin oprindelige tykkelse. Det er ofte det praktisk mest meningsfulde valg, fordi bærelaget (stabilgrus) er det dyre kvalitetsmateriale du gerne vil beholde i fuld tykkelse for kørs","elsoverflade. Bundsikringen er det billigere drænende lag der reduceres."),IF('2. Dimensionering'!$C$71="Reducer alle proportionalt","Denne strategi reducerer alle lag med samme procent. Forholdet mellem bærelag og bundsikring bevares præcis. Det er en god strategi hvis du har specifikationer der kræver et bestemt forhold mellem lagene.","Denne strategi giver dig fuld kontrol — du indtaster selv de ønskede lagtykkelser i kolonnen ""Manuel (mm)"" på fane 2. Værktøjet validerer at den samlede tykkelse opfylder armeret krav.")))) -> Når armeringen tillader at du reducerer opbygningen, skal de sparede millimeter tages et eller flere steder. Du har valgt strategien "Manuel justering". Denne strategi giver dig fuld kontrol — du indtaster selv de ønskede lagtykkelser i kolonnen "Manuel (mm)" på fane 2. Værktøjet validerer at den samlede tykkelse opfylder armeret krav.
B55: Lag | C55: Materiale | D55: Planlagt (mm) | E55: Foreslået (mm)
B56: Lag 1 | C56: ='2. Dimensionering'!$B$23 -> SG I 0-32 | D56: ='2. Dimensionering'!$D$23 -> 300 | E56: ='2. Dimensionering'!$G$74 -> 300
B57: Lag 2 | C57: ='2. Dimensionering'!$B$24 -> Bundsand | D57: ='2. Dimensionering'!$D$24 -> 300 | E57: ='2. Dimensionering'!$G$75 -> 300
B58: Lag 3 | C58: ='2. Dimensionering'!$B$25 -> 0 | D58: ='2. Dimensionering'!$D$25 -> 0 | E58: ='2. Dimensionering'!$G$76
C59: TOTAL | D59: ='2. Dimensionering'!$C$52 -> 600 | E59: ='2. Dimensionering'!$G$77 -> 600
B61: =IF('2. Dimensionering'!$C$21<>"Lagtykkelser","",IF(ISNUMBER('2. Dimensionering'!$C$80),"Med denne strategi sparer du "&TEXT('2. Dimensionering'!$C$80,"0")&" mm i forhold til din oprindelige plan. Det svarer til "&TEXT(IFERROR('2. Dimensionering'!$C$80/'2. Dimensionering'!$C$52,0),"0%")&" reduktion af den samlede opbygning.","")) -> Med denne strategi sparer du 0 mm i forhold til din oprindelige plan. Det svarer til 0% reduktion af den samlede opbygning.
B63: Trin 12: Hvor placeres geonettet i opbygningen?
B64: =IF('2. Dimensionering'!$C$21<>"Lagtykkelser","ⓘ Dette trin er kun aktivt i lagtykkelse-mode.","Geonettets placering afhænger af antallet af lag og opbygningens struktur. For din aktuelle opbygning: "&'2. Dimensionering'!$C$82&_xlfn._LONGTEXT(". Reglen er at geonettet altid placeres i laggrænsen mellem to materialer (når der er flere lag) eller i bunden af et homogent lag. Geonettet skal have minimum 200 mm dæklag af bærelagsmateriale over sig for at opnå armeringseffekt — det er en praktisk gr","ænse fra designmanualerne. Hvis dit foreslåede design har et lag tyndere end 200 mm, vil værktøjet vise en advarsel i Sektion H.")) -> Geonettets placering afhænger af antallet af lag og opbygningens struktur. For din aktuelle opbygning: 2 net: ét ved laggrænsen mellem bærelag og bundsikring, og ét ved bunden mod råjordsplanum. Reglen er at geonettet altid placeres i laggrænsen mellem to materialer (når der er flere lag) eller i bunden af et homogent lag. Geonettet skal have minimum 200 mm dæklag af bærelagsmateriale over sig for at opnå armeringseffekt — det er en praktisk grænse fra designmanualerne. Hvis dit foreslåede design har et lag tyndere end 200 mm, vil værktøjet vise en advarsel i Sektion H.
B66: Vigtige bemærkninger
B67: • Diagrammer baseret på reference-produkt.
B68: Designdiagrammerne anvender GS-GRID SX160 / E'GRID T6 (eller TriAx TX160) som reference. Andre produkter justeres via korrektionsfaktoren (effektindeks).
B69: • Multilag indlejret i diagram.
B70: Diagrammerne har separate kurver for "uarmeret", "1 lag" og "2 lag/flere lag". Bonussen ved multi-lags-opbygning er allerede indeholdt i kurverne — der lægges INGEN ekstra multilag-korrektion ovenpå.
B71: • φ-korrektion er en lineær approksimation.
B72: Excel-arkets φ-korrektion (−2 %/grad) er en gennemsnitlig værdi. For ren skærver-konstruktion (φ=45°) kan en direkte tabel-opslag give en lidt tyndere konstruktion — men formel-metoden er konsistent og lidt på den sikre side.
B75: • For yderligere reduktion.
B76: Hvis tykkelsen er stor (>500 mm), kan 2 lag geonet typisk reducere yderligere 10 %. Værktøjet anbefaler det automatisk i sektion G.
B77: • Lagtykkelse-mode bruger samme dimensioneringsformel.
B78: Selvom du indtaster konkrete lagtykkelser i mm, ændrer det IKKE selve dimensioneringen — værktøjet beregner stadig T_armeret_krævet ud fra diagrammet, uafhængigt af hvor tyk din planlagte opbygning er. Lagtykkelse-mode tilføjer kun en ekstra dimension af analyse: sammenligning af din plan med krav, og en konkret fordeling af besparelsen mellem dine materiale-lag.

Sheet 4. Korrektionsfaktorer
B1: 4. Korrektionsfaktorer — Overstyring af standardværdier
B3: Her kan du overstyre de korrektionsfaktorer der bruges i dimensioneringsformlen. Som standard anvendes designmanualernes officielle tal. Hvis du indtaster en værdi i kolonnen "Brugerdefineret", overstyres standard-værdien — også på fane 2. For at gå tilbage til standardværdien, slet din indtastning.
B5: A. Generelle korrektionsfaktorer
B6: Beskrivelse | C6: Standard | D6: Brugerdef. | E6: Aktuelt | F6: Kilde / Bemærkning
B7: Friktionsvinkel-korrektion (pr. grad over 35°) | C7: -0.02 | E7: =IF(ISBLANK(D7),C7,D7) -> -0.02 | F7: Excel-arket BG-DATA NY (AKK 21/12-2016). Reducerer T med 2% pr. grad ekstra friktionsvinkel.
B9: Flerlags-effekt ved >1 lag geonet | C9: 0.1 | D9: Ikke relevant | E9: =C9 -> 0.1 | F9: GS-GRID / TENSAR Designmanual: flere lag geonet i bærelagstykkelser på >500 mm kan reducere den totale tykkelse yderligere med ca. 10%. I dette værktøj er effekten allerede indbygget i beregningen via opslagstabellernes kolonne '2/flere lag' på fane 7 og dermed medtaget i resultatet.
B11: B. Produktspecifikke korrektionsfaktorer for armering
B12: Disse værdier er kopieret fra fane "6. DB Geonet". Du kan overstyre dem her hvis du vil teste en alternativ vurdering. Bemærk: at ændre disse her påvirker IKKE databasen — kun det resultat værktøjet bruger. Korrektionsfaktoren er en tykkelsesjustering relativt til referenceproduktet Tensar TriAx TX160 / GS-GRID SX160 / E'GRID T6 (effektindeks 100). En positiv faktor betyder mindre effektiv armering og dermed et tykkere bærelag. Eksempel: Tensar HX5.5 har effektindeks 95 og derfor +5,0 %, hvilket betyder at den krævede bærelagstykkelse øges med 5 % i forhold til referencen, og ikke at nettet er 5 % bedre.
B13: Produkt | C13: Standard | D13: Brugerdef. | E13: Aktuelt | F13: Kilde / Bemærkning
B14: Tensar SS30 | C14: 0.1 | E14: =IF(ISBLANK(D14),C14,D14) -> 0.1 | F14: Effektindeks 90
B15: Tensar TriAx TX150 | C15: 0.1 | E15: =IF(ISBLANK(D15),C15,D15) -> 0.1 | F15: Effektindeks 90
B16: Tensar HX5.5 | C16: 0.05 | E16: =IF(ISBLANK(D16),C16,D16) -> 0.05 | F16: Effektindeks 95
B17: Tensar TriAx TX160 | C17: 0 | E17: =IF(ISBLANK(D17),C17,D17) -> 0 | F17: REFERENCE — effektindeks 100
B18: Tensar HX165 | C18: -0.05 | E18: =IF(ISBLANK(D18),C18,D18) -> -0.05 | F18: Effektindeks 105
B19: Tensar InterAx NX750 | C19: -0.1 | E19: =IF(ISBLANK(D19),C19,D19) -> -0.1 | F19: Effektindeks 110-120
B20: Tensar InterAx NX850 | C20: -0.15 | E20: =IF(ISBLANK(D20),C20,D20) -> -0.15 | F20: Effektindeks 115-130
B21: GS-GRID B20/20 | C21: 0.2 | E21: =IF(ISBLANK(D21),C21,D21) -> 0.2
B22: GS-GRID B20/20L | C22: 0.2 | E22: =IF(ISBLANK(D22),C22,D22) -> 0.2
B23: GS-GRID B30/30 | C23: 0.1 | E23: =IF(ISBLANK(D23),C23,D23) -> 0.1
B24: GS-GRID B30/30L | C24: 0.1 | E24: =IF(ISBLANK(D24),C24,D24) -> 0.1
B25: GS-GRID B30/30XL | C25: 0.1 | E25: =IF(ISBLANK(D25),C25,D25) -> 0.1
B26: GS-GRID B40/40 | C26: 0 | E26: =IF(ISBLANK(D26),C26,D26) -> 0
B27: GS-GRID B40/40L | C27: 0 | E27: =IF(ISBLANK(D27),C27,D27) -> 0
B28: GS-GRID SX160 | C28: 0 | E28: =IF(ISBLANK(D28),C28,D28) -> 0 | F28: REFERENCE
B29: GS-GRID SX170 | C29: -0.1 | E29: =IF(ISBLANK(D29),C29,D29) -> -0.1
B30: E'GRID T6 | C30: 0 | E30: =IF(ISBLANK(D30),C30,D30) -> 0 | F30: Alternativ til SX160
B31: E'GRID T7 | C31: -0.1 | E31: =IF(ISBLANK(D31),C31,D31) -> -0.1 | F31: Alternativ til SX170
B32: E'GRID T9L | C32: -0.1 | E32: =IF(ISBLANK(D32),C32,D32) -> -0.1

Sheet 5. DB Materialer
B1: 5. Database: Bærelagsmaterialer
B3: Denne database indeholder de typiske bærelagsmaterialer med tilhørende friktionsvinkel (φ), maksimal kornstørrelse og lagtype. Lagtypen (Bærelag eller Bundsikring) bruges af værktøjet til automatisk at placere geonettet korrekt i opbygningen — bærelag øverst, bundsikring nederst, geonet typisk i laggrænsen mellem dem. Du kan tilføje egne materialer ved at indsætte en ny række (men brug ikke materialenavne der allerede findes).
B5: Materiale | C5: φ (°) | D5: Max korn (mm) | E5: Lagtype | F5: Anvendelse
B6: Bundsand | C6: 35 | D6: 8 | E6: Bundsikring | F6: Bundlag, friktionsmateriale
B7: Bundgrus 0-80 | C7: 38 | D7: 80 | E7: Bundsikring | F7: Bundsikring
B8: SG I 0-32 | C8: 40 | D8: 32 | E8: Bærelag | F8: Stabilgrus, øvre bærelag
B9: SG II 0-32 | C9: 40 | D9: 32 | E9: Bærelag | F9: Stabilgrus
B10: Knust beton 0-32 | C10: 40 | D10: 32 | E10: Bærelag | F10: Genbrugsmateriale, øvre bærelag
B11: Skærver 0-32 | C11: 45 | D11: 32 | E11: Bærelag | F11: Topbærelag, høj kvalitet
B12: Skærver 0-64 | C12: 45 | D12: 64 | E12: Bærelag | F12: Bærelag
B13: Skærver 0-90 | C13: 45 | D13: 90 | E13: Bærelag | F13: Bærelag (kan dog også anvendes som bundsikring)
B14: Skærver 0-120 | C14: 45 | D14: 120 | E14: Bundsikring | F14: Bundsikring
B15: Skærver 0-150 | C15: 45 | D15: 150 | E15: Bundsikring | F15: Bundsikring grov
B16: Skærver 0-200 | C16: 45 | D16: 200 | E16: Bundsikring | F16: Bundsikring meget grov
B17: Skærver 0-250 | C17: 45 | D17: 250 | E17: Bundsikring | F17: Bundsikring ekstrem
B18: Manuel indtastning | F18: Vælg denne mulighed på fane 2 for at indtaste φ direkte
B20: Farvekoder for lagtype:
C21: Bærelag (øvre lag, stabilgrus eller fine skærver)
C22: Bundsikring (nedre lag, sand/grus eller grove skærver)

Sheet 6. DB Geonet
B1: 6. Database: Geonet
B3: Komplet produktkatalog over Tensar- og GS-GRID/E'GRID-geonet. Korrektionsfaktorerne er fra de officielle designmanualer (sept. 2024 og okt. 2025) og udtrykker hvor meget bærelagstykkelsen ændrer sig i forhold til reference-produktet (effektindeks 100 = TX160/SX160). En positiv faktor betyder et mindre effektivt net (tykkere bærelag), en negativ faktor betyder mere effektivt net (tyndere bærelag). Tekniske data er fra databladene. Tomme felter = data ikke tilgængelige.
L4: Anbefalet belastningsklasse
B5: Produkt | C5: Serie | D5: Type | E5: Korrektion | F5: Maske/Pitch | G5: Max korn (mm) | H5: Min dæklag (cm) | I5: Rullebredde (m) | J5: Bemærkning | K5: Anbef. tilslag (mm) | L5: 1 | M5: 2 | N5: 3 | O5: 4 | P5: 5 | Q5: 6
B6: Tensar SS30 | C6: Tensar | D6: Biaxialt | E6: 0.1 | F6: Ej oplyst | G6: Ej oplyst | H6: 20 | I6: Ej oplyst | J6: Effektindeks 90 | K6: Ej oplyst | L6: {=IF(OR($B6="Anden armering",$B6=""),"",IF(_xlfn.IFS( $B6="Tensar TriAx TX150",AND(L$5>=1,L$5<=4), $B6="Tensar TriAx TX160",AND(L$5>=3,L$5<=6), $B6="Tensar InterAx NX750",AND(L$5>=5,L$5<=6), $B6="Tensar InterAx NX850",AND(L$5>=5,L$5<=6), $B6="Tensar HX5.5",AND(L$5>=1,L$5<=5), $B6="Tensar SS30",AND(L$5>=3,L$5<=5), $B6="Tensar HX165",AND(L$5>=4,L$5<=6), OR($B6="GS-GRID B20/20",$B6="GS-GRID B20/20L"),AND(L$5>=1,L$5<=3), OR($B6="GS-GRID B30/30",$B6="GS-GRID B30/30L"),AND(L$5>=3,L$5<=5), OR($B6="GS-GRID SX160",$B6="E'GRID T6"),AND(L$5>=3,L$5<=6), OR($B6="GS-GRID B30/30XL",$B6="GS-GRID B40/40",$B6="GS-GRID B40/40L"),AND(L$5>=4,L$5<=6), OR($B6="GS-GRID SX170",$B6="E'GRID T7"),AND(L$5>=4,L$5<=6), $B6="E'GRID T9L",AND(L$5>=4,L$5<=6), TRUE,FALSE ),"x","") )} | M6: {=IF(OR($B6="Anden armering",$B6=""),"",IF(_xlfn.IFS( $B6="Tensar TriAx TX150",AND(M$5>=1,M$5<=4), $B6="Tensar TriAx TX160",AND(M$5>=3,M$5<=6), $B6="Tensar InterAx NX750",AND(M$5>=5,M$5<=6), $B6="Tensar InterAx NX850",AND(M$5>=5,M$5<=6), $B6="Tensar HX5.5",AND(M$5>=1,M$5<=5), $B6="Tensar SS30",AND(M$5>=3,M$5<=5), $B6="Tensar HX165",AND(M$5>=4,M$5<=6), OR($B6="GS-GRID B20/20",$B6="GS-GRID B20/20L"),AND(M$5>=1,M$5<=3), OR($B6="GS-GRID B30/30",$B6="GS-GRID B30/30L"),AND(M$5>=3,M$5<=5), OR($B6="GS-GRID SX160",$B6="E'GRID T6"),AND(M$5>=3,M$5<=6), OR($B6="GS-GRID B30/30XL",$B6="GS-GRID B40/40",$B6="GS-GRID B40/40L"),AND(M$5>=4,M$5<=6), OR($B6="GS-GRID SX170",$B6="E'GRID T7"),AND(M$5>=4,M$5<=6), $B6="E'GRID T9L",AND(M$5>=4,M$5<=6), TRUE,FALSE ),"x","") )} | N6: {=IF(OR($B6="Anden armering",$B6=""),"",IF(_xlfn.IFS( $B6="Tensar TriAx TX150",AND(N$5>=1,N$5<=4), $B6="Tensar TriAx TX160",AND(N$5>=3,N$5<=6), $B6="Tensar InterAx NX750",AND(N$5>=5,N$5<=6), $B6="Tensar InterAx NX850",AND(N$5>=5,N$5<=6), $B6="Tensar HX5.5",AND(N$5>=1,N$5<=5), $B6="Tensar SS30",AND(N$5>=3,N$5<=5), $B6="Tensar HX165",AND(N$5>=4,N$5<=6), OR($B6="GS-GRID B20/20",$B6="GS-GRID B20/20L"),AND(N$5>=1,N$5<=3), OR($B6="GS-GRID B30/30",$B6="GS-GRID B30/30L"),AND(N$5>=3,N$5<=5), OR($B6="GS-GRID SX160",$B6="E'GRID T6"),AND(N$5>=3,N$5<=6), OR($B6="GS-GRID B30/30XL",$B6="GS-GRID B40/40",$B6="GS-GRID B40/40L"),AND(N$5>=4,N$5<=6), OR($B6="GS-GRID SX170",$B6="E'GRID T7"),AND(N$5>=4,N$5<=6), $B6="E'GRID T9L",AND(N$5>=4,N$5<=6), TRUE,FALSE ),"x","") )} -> x | O6: {=IF(OR($B6="Anden armering",$B6=""),"",IF(_xlfn.IFS( $B6="Tensar TriAx TX150",AND(O$5>=1,O$5<=4), $B6="Tensar TriAx TX160",AND(O$5>=3,O$5<=6), $B6="Tensar InterAx NX750",AND(O$5>=5,O$5<=6), $B6="Tensar InterAx NX850",AND(O$5>=5,O$5<=6), $B6="Tensar HX5.5",AND(O$5>=1,O$5<=5), $B6="Tensar SS30",AND(O$5>=3,O$5<=5), $B6="Tensar HX165",AND(O$5>=4,O$5<=6), OR($B6="GS-GRID B20/20",$B6="GS-GRID B20/20L"),AND(O$5>=1,O$5<=3), OR($B6="GS-GRID B30/30",$B6="GS-GRID B30/30L"),AND(O$5>=3,O$5<=5), OR($B6="GS-GRID SX160",$B6="E'GRID T6"),AND(O$5>=3,O$5<=6), OR($B6="GS-GRID B30/30XL",$B6="GS-GRID B40/40",$B6="GS-GRID B40/40L"),AND(O$5>=4,O$5<=6), OR($B6="GS-GRID SX170",$B6="E'GRID T7"),AND(O$5>=4,O$5<=6), $B6="E'GRID T9L",AND(O$5>=4,O$5<=6), TRUE,FALSE ),"x","") )} -> x | P6: {=IF(OR($B6="Anden armering",$B6=""),"",IF(_xlfn.IFS( $B6="Tensar TriAx TX150",AND(P$5>=1,P$5<=4), $B6="Tensar TriAx TX160",AND(P$5>=3,P$5<=6), $B6="Tensar InterAx NX750",AND(P$5>=5,P$5<=6), $B6="Tensar InterAx NX850",AND(P$5>=5,P$5<=6), $B6="Tensar HX5.5",AND(P$5>=1,P$5<=5), $B6="Tensar SS30",AND(P$5>=3,P$5<=5), $B6="Tensar HX165",AND(P$5>=4,P$5<=6), OR($B6="GS-GRID B20/20",$B6="GS-GRID B20/20L"),AND(P$5>=1,P$5<=3), OR($B6="GS-GRID B30/30",$B6="GS-GRID B30/30L"),AND(P$5>=3,P$5<=5), OR($B6="GS-GRID SX160",$B6="E'GRID T6"),AND(P$5>=3,P$5<=6), OR($B6="GS-GRID B30/30XL",$B6="GS-GRID B40/40",$B6="GS-GRID B40/40L"),AND(P$5>=4,P$5<=6), OR($B6="GS-GRID SX170",$B6="E'GRID T7"),AND(P$5>=4,P$5<=6), $B6="E'GRID T9L",AND(P$5>=4,P$5<=6), TRUE,FALSE ),"x","") )} -> x | Q6: {=IF(OR($B6="Anden armering",$B6=""),"",IF(_xlfn.IFS( $B6="Tensar TriAx TX150",AND(Q$5>=1,Q$5<=4), $B6="Tensar TriAx TX160",AND(Q$5>=3,Q$5<=6), $B6="Tensar InterAx NX750",AND(Q$5>=5,Q$5<=6), $B6="Tensar InterAx NX850",AND(Q$5>=5,Q$5<=6), $B6="Tensar HX5.5",AND(Q$5>=1,Q$5<=5), $B6="Tensar SS30",AND(Q$5>=3,Q$5<=5), $B6="Tensar HX165",AND(Q$5>=4,Q$5<=6), OR($B6="GS-GRID B20/20",$B6="GS-GRID B20/20L"),AND(Q$5>=1,Q$5<=3), OR($B6="GS-GRID B30/30",$B6="GS-GRID B30/30L"),AND(Q$5>=3,Q$5<=5), OR($B6="GS-GRID SX160",$B6="E'GRID T6"),AND(Q$5>=3,Q$5<=6), OR($B6="GS-GRID B30/30XL",$B6="GS-GRID B40/40",$B6="GS-GRID B40/40L"),AND(Q$5>=4,Q$5<=6), OR($B6="GS-GRID SX170",$B6="E'GRID T7"),AND(Q$5>=4,Q$5<=6), $B6="E'GRID T9L",AND(Q$5>=4,Q$5<=6), TRUE,FALSE ),"x","") )}
B7: Tensar TriAx TX150 | C7: Tensar | D7: Triaxialt | E7: 0.1 | F7: Ej oplyst | G7: Ej oplyst | H7: 20 | I7: Ej oplyst | J7: Effektindeks 90 | K7: Ej oplyst | L7: {=IF(OR($B7="Anden armering",$B7=""),"",IF(_xlfn.IFS( $B7="Tensar TriAx TX150",AND(L$5>=1,L$5<=4), $B7="Tensar TriAx TX160",AND(L$5>=3,L$5<=6), $B7="Tensar InterAx NX750",AND(L$5>=5,L$5<=6), $B7="Tensar InterAx NX850",AND(L$5>=5,L$5<=6), $B7="Tensar HX5.5",AND(L$5>=1,L$5<=5), $B7="Tensar SS30",AND(L$5>=3,L$5<=5), $B7="Tensar HX165",AND(L$5>=4,L$5<=6), OR($B7="GS-GRID B20/20",$B7="GS-GRID B20/20L"),AND(L$5>=1,L$5<=3), OR($B7="GS-GRID B30/30",$B7="GS-GRID B30/30L"),AND(L$5>=3,L$5<=5), OR($B7="GS-GRID SX160",$B7="E'GRID T6"),AND(L$5>=3,L$5<=6), OR($B7="GS-GRID B30/30XL",$B7="GS-GRID B40/40",$B7="GS-GRID B40/40L"),AND(L$5>=4,L$5<=6), OR($B7="GS-GRID SX170",$B7="E'GRID T7"),AND(L$5>=4,L$5<=6), $B7="E'GRID T9L",AND(L$5>=4,L$5<=6), TRUE,FALSE ),"x","") )} -> x | M7: {=IF(OR($B7="Anden armering",$B7=""),"",IF(_xlfn.IFS( $B7="Tensar TriAx TX150",AND(M$5>=1,M$5<=4), $B7="Tensar TriAx TX160",AND(M$5>=3,M$5<=6), $B7="Tensar InterAx NX750",AND(M$5>=5,M$5<=6), $B7="Tensar InterAx NX850",AND(M$5>=5,M$5<=6), $B7="Tensar HX5.5",AND(M$5>=1,M$5<=5), $B7="Tensar SS30",AND(M$5>=3,M$5<=5), $B7="Tensar HX165",AND(M$5>=4,M$5<=6), OR($B7="GS-GRID B20/20",$B7="GS-GRID B20/20L"),AND(M$5>=1,M$5<=3), OR($B7="GS-GRID B30/30",$B7="GS-GRID B30/30L"),AND(M$5>=3,M$5<=5), OR($B7="GS-GRID SX160",$B7="E'GRID T6"),AND(M$5>=3,M$5<=6), OR($B7="GS-GRID B30/30XL",$B7="GS-GRID B40/40",$B7="GS-GRID B40/40L"),AND(M$5>=4,M$5<=6), OR($B7="GS-GRID SX170",$B7="E'GRID T7"),AND(M$5>=4,M$5<=6), $B7="E'GRID T9L",AND(M$5>=4,M$5<=6), TRUE,FALSE ),"x","") )} -> x | N7: {=IF(OR($B7="Anden armering",$B7=""),"",IF(_xlfn.IFS( $B7="Tensar TriAx TX150",AND(N$5>=1,N$5<=4), $B7="Tensar TriAx TX160",AND(N$5>=3,N$5<=6), $B7="Tensar InterAx NX750",AND(N$5>=5,N$5<=6), $B7="Tensar InterAx NX850",AND(N$5>=5,N$5<=6), $B7="Tensar HX5.5",AND(N$5>=1,N$5<=5), $B7="Tensar SS30",AND(N$5>=3,N$5<=5), $B7="Tensar HX165",AND(N$5>=4,N$5<=6), OR($B7="GS-GRID B20/20",$B7="GS-GRID B20/20L"),AND(N$5>=1,N$5<=3), OR($B7="GS-GRID B30/30",$B7="GS-GRID B30/30L"),AND(N$5>=3,N$5<=5), OR($B7="GS-GRID SX160",$B7="E'GRID T6"),AND(N$5>=3,N$5<=6), OR($B7="GS-GRID B30/30XL",$B7="GS-GRID B40/40",$B7="GS-GRID B40/40L"),AND(N$5>=4,N$5<=6), OR($B7="GS-GRID SX170",$B7="E'GRID T7"),AND(N$5>=4,N$5<=6), $B7="E'GRID T9L",AND(N$5>=4,N$5<=6), TRUE,FALSE ),"x","") )} -> x | O7: {=IF(OR($B7="Anden armering",$B7=""),"",IF(_xlfn.IFS( $B7="Tensar TriAx TX150",AND(O$5>=1,O$5<=4), $B7="Tensar TriAx TX160",AND(O$5>=3,O$5<=6), $B7="Tensar InterAx NX750",AND(O$5>=5,O$5<=6), $B7="Tensar InterAx NX850",AND(O$5>=5,O$5<=6), $B7="Tensar HX5.5",AND(O$5>=1,O$5<=5), $B7="Tensar SS30",AND(O$5>=3,O$5<=5), $B7="Tensar HX165",AND(O$5>=4,O$5<=6), OR($B7="GS-GRID B20/20",$B7="GS-GRID B20/20L"),AND(O$5>=1,O$5<=3), OR($B7="GS-GRID B30/30",$B7="GS-GRID B30/30L"),AND(O$5>=3,O$5<=5), OR($B7="GS-GRID SX160",$B7="E'GRID T6"),AND(O$5>=3,O$5<=6), OR($B7="GS-GRID B30/30XL",$B7="GS-GRID B40/40",$B7="GS-GRID B40/40L"),AND(O$5>=4,O$5<=6), OR($B7="GS-GRID SX170",$B7="E'GRID T7"),AND(O$5>=4,O$5<=6), $B7="E'GRID T9L",AND(O$5>=4,O$5<=6), TRUE,FALSE ),"x","") )} -> x | P7: {=IF(OR($B7="Anden armering",$B7=""),"",IF(_xlfn.IFS( $B7="Tensar TriAx TX150",AND(P$5>=1,P$5<=4), $B7="Tensar TriAx TX160",AND(P$5>=3,P$5<=6), $B7="Tensar InterAx NX750",AND(P$5>=5,P$5<=6), $B7="Tensar InterAx NX850",AND(P$5>=5,P$5<=6), $B7="Tensar HX5.5",AND(P$5>=1,P$5<=5), $B7="Tensar SS30",AND(P$5>=3,P$5<=5), $B7="Tensar HX165",AND(P$5>=4,P$5<=6), OR($B7="GS-GRID B20/20",$B7="GS-GRID B20/20L"),AND(P$5>=1,P$5<=3), OR($B7="GS-GRID B30/30",$B7="GS-GRID B30/30L"),AND(P$5>=3,P$5<=5), OR($B7="GS-GRID SX160",$B7="E'GRID T6"),AND(P$5>=3,P$5<=6), OR($B7="GS-GRID B30/30XL",$B7="GS-GRID B40/40",$B7="GS-GRID B40/40L"),AND(P$5>=4,P$5<=6), OR($B7="GS-GRID SX170",$B7="E'GRID T7"),AND(P$5>=4,P$5<=6), $B7="E'GRID T9L",AND(P$5>=4,P$5<=6), TRUE,FALSE ),"x","") )} | Q7: {=IF(OR($B7="Anden armering",$B7=""),"",IF(_xlfn.IFS( $B7="Tensar TriAx TX150",AND(Q$5>=1,Q$5<=4), $B7="Tensar TriAx TX160",AND(Q$5>=3,Q$5<=6), $B7="Tensar InterAx NX750",AND(Q$5>=5,Q$5<=6), $B7="Tensar InterAx NX850",AND(Q$5>=5,Q$5<=6), $B7="Tensar HX5.5",AND(Q$5>=1,Q$5<=5), $B7="Tensar SS30",AND(Q$5>=3,Q$5<=5), $B7="Tensar HX165",AND(Q$5>=4,Q$5<=6), OR($B7="GS-GRID B20/20",$B7="GS-GRID B20/20L"),AND(Q$5>=1,Q$5<=3), OR($B7="GS-GRID B30/30",$B7="GS-GRID B30/30L"),AND(Q$5>=3,Q$5<=5), OR($B7="GS-GRID SX160",$B7="E'GRID T6"),AND(Q$5>=3,Q$5<=6), OR($B7="GS-GRID B30/30XL",$B7="GS-GRID B40/40",$B7="GS-GRID B40/40L"),AND(Q$5>=4,Q$5<=6), OR($B7="GS-GRID SX170",$B7="E'GRID T7"),AND(Q$5>=4,Q$5<=6), $B7="E'GRID T9L",AND(Q$5>=4,Q$5<=6), TRUE,FALSE ),"x","") )}
B8: Tensar HX5.5 | C8: Tensar | D8: Hexagonalt | E8: 0.05 | F8: Ej oplyst | G8: Ej oplyst | H8: 20 | I8: Ej oplyst | J8: Effektindeks 95 | K8: Ej oplyst | L8: {=IF(OR($B8="Anden armering",$B8=""),"",IF(_xlfn.IFS( $B8="Tensar TriAx TX150",AND(L$5>=1,L$5<=4), $B8="Tensar TriAx TX160",AND(L$5>=3,L$5<=6), $B8="Tensar InterAx NX750",AND(L$5>=5,L$5<=6), $B8="Tensar InterAx NX850",AND(L$5>=5,L$5<=6), $B8="Tensar HX5.5",AND(L$5>=1,L$5<=5), $B8="Tensar SS30",AND(L$5>=3,L$5<=5), $B8="Tensar HX165",AND(L$5>=4,L$5<=6), OR($B8="GS-GRID B20/20",$B8="GS-GRID B20/20L"),AND(L$5>=1,L$5<=3), OR($B8="GS-GRID B30/30",$B8="GS-GRID B30/30L"),AND(L$5>=3,L$5<=5), OR($B8="GS-GRID SX160",$B8="E'GRID T6"),AND(L$5>=3,L$5<=6), OR($B8="GS-GRID B30/30XL",$B8="GS-GRID B40/40",$B8="GS-GRID B40/40L"),AND(L$5>=4,L$5<=6), OR($B8="GS-GRID SX170",$B8="E'GRID T7"),AND(L$5>=4,L$5<=6), $B8="E'GRID T9L",AND(L$5>=4,L$5<=6), TRUE,FALSE ),"x","") )} -> x | M8: {=IF(OR($B8="Anden armering",$B8=""),"",IF(_xlfn.IFS( $B8="Tensar TriAx TX150",AND(M$5>=1,M$5<=4), $B8="Tensar TriAx TX160",AND(M$5>=3,M$5<=6), $B8="Tensar InterAx NX750",AND(M$5>=5,M$5<=6), $B8="Tensar InterAx NX850",AND(M$5>=5,M$5<=6), $B8="Tensar HX5.5",AND(M$5>=1,M$5<=5), $B8="Tensar SS30",AND(M$5>=3,M$5<=5), $B8="Tensar HX165",AND(M$5>=4,M$5<=6), OR($B8="GS-GRID B20/20",$B8="GS-GRID B20/20L"),AND(M$5>=1,M$5<=3), OR($B8="GS-GRID B30/30",$B8="GS-GRID B30/30L"),AND(M$5>=3,M$5<=5), OR($B8="GS-GRID SX160",$B8="E'GRID T6"),AND(M$5>=3,M$5<=6), OR($B8="GS-GRID B30/30XL",$B8="GS-GRID B40/40",$B8="GS-GRID B40/40L"),AND(M$5>=4,M$5<=6), OR($B8="GS-GRID SX170",$B8="E'GRID T7"),AND(M$5>=4,M$5<=6), $B8="E'GRID T9L",AND(M$5>=4,M$5<=6), TRUE,FALSE ),"x","") )} -> x | N8: {=IF(OR($B8="Anden armering",$B8=""),"",IF(_xlfn.IFS( $B8="Tensar TriAx TX150",AND(N$5>=1,N$5<=4), $B8="Tensar TriAx TX160",AND(N$5>=3,N$5<=6), $B8="Tensar InterAx NX750",AND(N$5>=5,N$5<=6), $B8="Tensar InterAx NX850",AND(N$5>=5,N$5<=6), $B8="Tensar HX5.5",AND(N$5>=1,N$5<=5), $B8="Tensar SS30",AND(N$5>=3,N$5<=5), $B8="Tensar HX165",AND(N$5>=4,N$5<=6), OR($B8="GS-GRID B20/20",$B8="GS-GRID B20/20L"),AND(N$5>=1,N$5<=3), OR($B8="GS-GRID B30/30",$B8="GS-GRID B30/30L"),AND(N$5>=3,N$5<=5), OR($B8="GS-GRID SX160",$B8="E'GRID T6"),AND(N$5>=3,N$5<=6), OR($B8="GS-GRID B30/30XL",$B8="GS-GRID B40/40",$B8="GS-GRID B40/40L"),AND(N$5>=4,N$5<=6), OR($B8="GS-GRID SX170",$B8="E'GRID T7"),AND(N$5>=4,N$5<=6), $B8="E'GRID T9L",AND(N$5>=4,N$5<=6), TRUE,FALSE ),"x","") )} -> x | O8: {=IF(OR($B8="Anden armering",$B8=""),"",IF(_xlfn.IFS( $B8="Tensar TriAx TX150",AND(O$5>=1,O$5<=4), $B8="Tensar TriAx TX160",AND(O$5>=3,O$5<=6), $B8="Tensar InterAx NX750",AND(O$5>=5,O$5<=6), $B8="Tensar InterAx NX850",AND(O$5>=5,O$5<=6), $B8="Tensar HX5.5",AND(O$5>=1,O$5<=5), $B8="Tensar SS30",AND(O$5>=3,O$5<=5), $B8="Tensar HX165",AND(O$5>=4,O$5<=6), OR($B8="GS-GRID B20/20",$B8="GS-GRID B20/20L"),AND(O$5>=1,O$5<=3), OR($B8="GS-GRID B30/30",$B8="GS-GRID B30/30L"),AND(O$5>=3,O$5<=5), OR($B8="GS-GRID SX160",$B8="E'GRID T6"),AND(O$5>=3,O$5<=6), OR($B8="GS-GRID B30/30XL",$B8="GS-GRID B40/40",$B8="GS-GRID B40/40L"),AND(O$5>=4,O$5<=6), OR($B8="GS-GRID SX170",$B8="E'GRID T7"),AND(O$5>=4,O$5<=6), $B8="E'GRID T9L",AND(O$5>=4,O$5<=6), TRUE,FALSE ),"x","") )} -> x | P8: {=IF(OR($B8="Anden armering",$B8=""),"",IF(_xlfn.IFS( $B8="Tensar TriAx TX150",AND(P$5>=1,P$5<=4), $B8="Tensar TriAx TX160",AND(P$5>=3,P$5<=6), $B8="Tensar InterAx NX750",AND(P$5>=5,P$5<=6), $B8="Tensar InterAx NX850",AND(P$5>=5,P$5<=6), $B8="Tensar HX5.5",AND(P$5>=1,P$5<=5), $B8="Tensar SS30",AND(P$5>=3,P$5<=5), $B8="Tensar HX165",AND(P$5>=4,P$5<=6), OR($B8="GS-GRID B20/20",$B8="GS-GRID B20/20L"),AND(P$5>=1,P$5<=3), OR($B8="GS-GRID B30/30",$B8="GS-GRID B30/30L"),AND(P$5>=3,P$5<=5), OR($B8="GS-GRID SX160",$B8="E'GRID T6"),AND(P$5>=3,P$5<=6), OR($B8="GS-GRID B30/30XL",$B8="GS-GRID B40/40",$B8="GS-GRID B40/40L"),AND(P$5>=4,P$5<=6), OR($B8="GS-GRID SX170",$B8="E'GRID T7"),AND(P$5>=4,P$5<=6), $B8="E'GRID T9L",AND(P$5>=4,P$5<=6), TRUE,FALSE ),"x","") )} -> x | Q8: {=IF(OR($B8="Anden armering",$B8=""),"",IF(_xlfn.IFS( $B8="Tensar TriAx TX150",AND(Q$5>=1,Q$5<=4), $B8="Tensar TriAx TX160",AND(Q$5>=3,Q$5<=6), $B8="Tensar InterAx NX750",AND(Q$5>=5,Q$5<=6), $B8="Tensar InterAx NX850",AND(Q$5>=5,Q$5<=6), $B8="Tensar HX5.5",AND(Q$5>=1,Q$5<=5), $B8="Tensar SS30",AND(Q$5>=3,Q$5<=5), $B8="Tensar HX165",AND(Q$5>=4,Q$5<=6), OR($B8="GS-GRID B20/20",$B8="GS-GRID B20/20L"),AND(Q$5>=1,Q$5<=3), OR($B8="GS-GRID B30/30",$B8="GS-GRID B30/30L"),AND(Q$5>=3,Q$5<=5), OR($B8="GS-GRID SX160",$B8="E'GRID T6"),AND(Q$5>=3,Q$5<=6), OR($B8="GS-GRID B30/30XL",$B8="GS-GRID B40/40",$B8="GS-GRID B40/40L"),AND(Q$5>=4,Q$5<=6), OR($B8="GS-GRID SX170",$B8="E'GRID T7"),AND(Q$5>=4,Q$5<=6), $B8="E'GRID T9L",AND(Q$5>=4,Q$5<=6), TRUE,FALSE ),"x","") )}
B9: Tensar TriAx TX160 | C9: Tensar | D9: Triaxialt | E9: 0 | F9: ribbe 40 mm | G9: 80 | H9: 20 | J9: REFERENCE — effektindeks 100. Max korn udledt fra designmanualens regel: 2 × ribbe 40 mm = 80 mm. | K9: 80 | L9: {=IF(OR($B9="Anden armering",$B9=""),"",IF(_xlfn.IFS( $B9="Tensar TriAx TX150",AND(L$5>=1,L$5<=4), $B9="Tensar TriAx TX160",AND(L$5>=3,L$5<=6), $B9="Tensar InterAx NX750",AND(L$5>=5,L$5<=6), $B9="Tensar InterAx NX850",AND(L$5>=5,L$5<=6), $B9="Tensar HX5.5",AND(L$5>=1,L$5<=5), $B9="Tensar SS30",AND(L$5>=3,L$5<=5), $B9="Tensar HX165",AND(L$5>=4,L$5<=6), OR($B9="GS-GRID B20/20",$B9="GS-GRID B20/20L"),AND(L$5>=1,L$5<=3), OR($B9="GS-GRID B30/30",$B9="GS-GRID B30/30L"),AND(L$5>=3,L$5<=5), OR($B9="GS-GRID SX160",$B9="E'GRID T6"),AND(L$5>=3,L$5<=6), OR($B9="GS-GRID B30/30XL",$B9="GS-GRID B40/40",$B9="GS-GRID B40/40L"),AND(L$5>=4,L$5<=6), OR($B9="GS-GRID SX170",$B9="E'GRID T7"),AND(L$5>=4,L$5<=6), $B9="E'GRID T9L",AND(L$5>=4,L$5<=6), TRUE,FALSE ),"x","") )} | M9: {=IF(OR($B9="Anden armering",$B9=""),"",IF(_xlfn.IFS( $B9="Tensar TriAx TX150",AND(M$5>=1,M$5<=4), $B9="Tensar TriAx TX160",AND(M$5>=3,M$5<=6), $B9="Tensar InterAx NX750",AND(M$5>=5,M$5<=6), $B9="Tensar InterAx NX850",AND(M$5>=5,M$5<=6), $B9="Tensar HX5.5",AND(M$5>=1,M$5<=5), $B9="Tensar SS30",AND(M$5>=3,M$5<=5), $B9="Tensar HX165",AND(M$5>=4,M$5<=6), OR($B9="GS-GRID B20/20",$B9="GS-GRID B20/20L"),AND(M$5>=1,M$5<=3), OR($B9="GS-GRID B30/30",$B9="GS-GRID B30/30L"),AND(M$5>=3,M$5<=5), OR($B9="GS-GRID SX160",$B9="E'GRID T6"),AND(M$5>=3,M$5<=6), OR($B9="GS-GRID B30/30XL",$B9="GS-GRID B40/40",$B9="GS-GRID B40/40L"),AND(M$5>=4,M$5<=6), OR($B9="GS-GRID SX170",$B9="E'GRID T7"),AND(M$5>=4,M$5<=6), $B9="E'GRID T9L",AND(M$5>=4,M$5<=6), TRUE,FALSE ),"x","") )} | N9: {=IF(OR($B9="Anden armering",$B9=""),"",IF(_xlfn.IFS( $B9="Tensar TriAx TX150",AND(N$5>=1,N$5<=4), $B9="Tensar TriAx TX160",AND(N$5>=3,N$5<=6), $B9="Tensar InterAx NX750",AND(N$5>=5,N$5<=6), $B9="Tensar InterAx NX850",AND(N$5>=5,N$5<=6), $B9="Tensar HX5.5",AND(N$5>=1,N$5<=5), $B9="Tensar SS30",AND(N$5>=3,N$5<=5), $B9="Tensar HX165",AND(N$5>=4,N$5<=6), OR($B9="GS-GRID B20/20",$B9="GS-GRID B20/20L"),AND(N$5>=1,N$5<=3), OR($B9="GS-GRID B30/30",$B9="GS-GRID B30/30L"),AND(N$5>=3,N$5<=5), OR($B9="GS-GRID SX160",$B9="E'GRID T6"),AND(N$5>=3,N$5<=6), OR($B9="GS-GRID B30/30XL",$B9="GS-GRID B40/40",$B9="GS-GRID B40/40L"),AND(N$5>=4,N$5<=6), OR($B9="GS-GRID SX170",$B9="E'GRID T7"),AND(N$5>=4,N$5<=6), $B9="E'GRID T9L",AND(N$5>=4,N$5<=6), TRUE,FALSE ),"x","") )} -> x | O9: {=IF(OR($B9="Anden armering",$B9=""),"",IF(_xlfn.IFS( $B9="Tensar TriAx TX150",AND(O$5>=1,O$5<=4), $B9="Tensar TriAx TX160",AND(O$5>=3,O$5<=6), $B9="Tensar InterAx NX750",AND(O$5>=5,O$5<=6), $B9="Tensar InterAx NX850",AND(O$5>=5,O$5<=6), $B9="Tensar HX5.5",AND(O$5>=1,O$5<=5), $B9="Tensar SS30",AND(O$5>=3,O$5<=5), $B9="Tensar HX165",AND(O$5>=4,O$5<=6), OR($B9="GS-GRID B20/20",$B9="GS-GRID B20/20L"),AND(O$5>=1,O$5<=3), OR($B9="GS-GRID B30/30",$B9="GS-GRID B30/30L"),AND(O$5>=3,O$5<=5), OR($B9="GS-GRID SX160",$B9="E'GRID T6"),AND(O$5>=3,O$5<=6), OR($B9="GS-GRID B30/30XL",$B9="GS-GRID B40/40",$B9="GS-GRID B40/40L"),AND(O$5>=4,O$5<=6), OR($B9="GS-GRID SX170",$B9="E'GRID T7"),AND(O$5>=4,O$5<=6), $B9="E'GRID T9L",AND(O$5>=4,O$5<=6), TRUE,FALSE ),"x","") )} -> x | P9: {=IF(OR($B9="Anden armering",$B9=""),"",IF(_xlfn.IFS( $B9="Tensar TriAx TX150",AND(P$5>=1,P$5<=4), $B9="Tensar TriAx TX160",AND(P$5>=3,P$5<=6), $B9="Tensar InterAx NX750",AND(P$5>=5,P$5<=6), $B9="Tensar InterAx NX850",AND(P$5>=5,P$5<=6), $B9="Tensar HX5.5",AND(P$5>=1,P$5<=5), $B9="Tensar SS30",AND(P$5>=3,P$5<=5), $B9="Tensar HX165",AND(P$5>=4,P$5<=6), OR($B9="GS-GRID B20/20",$B9="GS-GRID B20/20L"),AND(P$5>=1,P$5<=3), OR($B9="GS-GRID B30/30",$B9="GS-GRID B30/30L"),AND(P$5>=3,P$5<=5), OR($B9="GS-GRID SX160",$B9="E'GRID T6"),AND(P$5>=3,P$5<=6), OR($B9="GS-GRID B30/30XL",$B9="GS-GRID B40/40",$B9="GS-GRID B40/40L"),AND(P$5>=4,P$5<=6), OR($B9="GS-GRID SX170",$B9="E'GRID T7"),AND(P$5>=4,P$5<=6), $B9="E'GRID T9L",AND(P$5>=4,P$5<=6), TRUE,FALSE ),"x","") )} -> x | Q9: {=IF(OR($B9="Anden armering",$B9=""),"",IF(_xlfn.IFS( $B9="Tensar TriAx TX150",AND(Q$5>=1,Q$5<=4), $B9="Tensar TriAx TX160",AND(Q$5>=3,Q$5<=6), $B9="Tensar InterAx NX750",AND(Q$5>=5,Q$5<=6), $B9="Tensar InterAx NX850",AND(Q$5>=5,Q$5<=6), $B9="Tensar HX5.5",AND(Q$5>=1,Q$5<=5), $B9="Tensar SS30",AND(Q$5>=3,Q$5<=5), $B9="Tensar HX165",AND(Q$5>=4,Q$5<=6), OR($B9="GS-GRID B20/20",$B9="GS-GRID B20/20L"),AND(Q$5>=1,Q$5<=3), OR($B9="GS-GRID B30/30",$B9="GS-GRID B30/30L"),AND(Q$5>=3,Q$5<=5), OR($B9="GS-GRID SX160",$B9="E'GRID T6"),AND(Q$5>=3,Q$5<=6), OR($B9="GS-GRID B30/30XL",$B9="GS-GRID B40/40",$B9="GS-GRID B40/40L"),AND(Q$5>=4,Q$5<=6), OR($B9="GS-GRID SX170",$B9="E'GRID T7"),AND(Q$5>=4,Q$5<=6), $B9="E'GRID T9L",AND(Q$5>=4,Q$5<=6), TRUE,FALSE ),"x","") )} -> x
B10: Tensar HX165 | C10: Tensar | D10: Hexagonalt | E10: -0.05 | F10: Ej oplyst | G10: Ej oplyst | H10: 20 | I10: Ej oplyst | J10: Effektindeks 105 | K10: Ej oplyst | L10: {=IF(OR($B10="Anden armering",$B10=""),"",IF(_xlfn.IFS( $B10="Tensar TriAx TX150",AND(L$5>=1,L$5<=4), $B10="Tensar TriAx TX160",AND(L$5>=3,L$5<=6), $B10="Tensar InterAx NX750",AND(L$5>=5,L$5<=6), $B10="Tensar InterAx NX850",AND(L$5>=5,L$5<=6), $B10="Tensar HX5.5",AND(L$5>=1,L$5<=5), $B10="Tensar SS30",AND(L$5>=3,L$5<=5), $B10="Tensar HX165",AND(L$5>=4,L$5<=6), OR($B10="GS-GRID B20/20",$B10="GS-GRID B20/20L"),AND(L$5>=1,L$5<=3), OR($B10="GS-GRID B30/30",$B10="GS-GRID B30/30L"),AND(L$5>=3,L$5<=5), OR($B10="GS-GRID SX160",$B10="E'GRID T6"),AND(L$5>=3,L$5<=6), OR($B10="GS-GRID B30/30XL",$B10="GS-GRID B40/40",$B10="GS-GRID B40/40L"),AND(L$5>=4,L$5<=6), OR($B10="GS-GRID SX170",$B10="E'GRID T7"),AND(L$5>=4,L$5<=6), $B10="E'GRID T9L",AND(L$5>=4,L$5<=6), TRUE,FALSE ),"x","") )} | M10: {=IF(OR($B10="Anden armering",$B10=""),"",IF(_xlfn.IFS( $B10="Tensar TriAx TX150",AND(M$5>=1,M$5<=4), $B10="Tensar TriAx TX160",AND(M$5>=3,M$5<=6), $B10="Tensar InterAx NX750",AND(M$5>=5,M$5<=6), $B10="Tensar InterAx NX850",AND(M$5>=5,M$5<=6), $B10="Tensar HX5.5",AND(M$5>=1,M$5<=5), $B10="Tensar SS30",AND(M$5>=3,M$5<=5), $B10="Tensar HX165",AND(M$5>=4,M$5<=6), OR($B10="GS-GRID B20/20",$B10="GS-GRID B20/20L"),AND(M$5>=1,M$5<=3), OR($B10="GS-GRID B30/30",$B10="GS-GRID B30/30L"),AND(M$5>=3,M$5<=5), OR($B10="GS-GRID SX160",$B10="E'GRID T6"),AND(M$5>=3,M$5<=6), OR($B10="GS-GRID B30/30XL",$B10="GS-GRID B40/40",$B10="GS-GRID B40/40L"),AND(M$5>=4,M$5<=6), OR($B10="GS-GRID SX170",$B10="E'GRID T7"),AND(M$5>=4,M$5<=6), $B10="E'GRID T9L",AND(M$5>=4,M$5<=6), TRUE,FALSE ),"x","") )} | N10: {=IF(OR($B10="Anden armering",$B10=""),"",IF(_xlfn.IFS( $B10="Tensar TriAx TX150",AND(N$5>=1,N$5<=4), $B10="Tensar TriAx TX160",AND(N$5>=3,N$5<=6), $B10="Tensar InterAx NX750",AND(N$5>=5,N$5<=6), $B10="Tensar InterAx NX850",AND(N$5>=5,N$5<=6), $B10="Tensar HX5.5",AND(N$5>=1,N$5<=5), $B10="Tensar SS30",AND(N$5>=3,N$5<=5), $B10="Tensar HX165",AND(N$5>=4,N$5<=6), OR($B10="GS-GRID B20/20",$B10="GS-GRID B20/20L"),AND(N$5>=1,N$5<=3), OR($B10="GS-GRID B30/30",$B10="GS-GRID B30/30L"),AND(N$5>=3,N$5<=5), OR($B10="GS-GRID SX160",$B10="E'GRID T6"),AND(N$5>=3,N$5<=6), OR($B10="GS-GRID B30/30XL",$B10="GS-GRID B40/40",$B10="GS-GRID B40/40L"),AND(N$5>=4,N$5<=6), OR($B10="GS-GRID SX170",$B10="E'GRID T7"),AND(N$5>=4,N$5<=6), $B10="E'GRID T9L",AND(N$5>=4,N$5<=6), TRUE,FALSE ),"x","") )} | O10: {=IF(OR($B10="Anden armering",$B10=""),"",IF(_xlfn.IFS( $B10="Tensar TriAx TX150",AND(O$5>=1,O$5<=4), $B10="Tensar TriAx TX160",AND(O$5>=3,O$5<=6), $B10="Tensar InterAx NX750",AND(O$5>=5,O$5<=6), $B10="Tensar InterAx NX850",AND(O$5>=5,O$5<=6), $B10="Tensar HX5.5",AND(O$5>=1,O$5<=5), $B10="Tensar SS30",AND(O$5>=3,O$5<=5), $B10="Tensar HX165",AND(O$5>=4,O$5<=6), OR($B10="GS-GRID B20/20",$B10="GS-GRID B20/20L"),AND(O$5>=1,O$5<=3), OR($B10="GS-GRID B30/30",$B10="GS-GRID B30/30L"),AND(O$5>=3,O$5<=5), OR($B10="GS-GRID SX160",$B10="E'GRID T6"),AND(O$5>=3,O$5<=6), OR($B10="GS-GRID B30/30XL",$B10="GS-GRID B40/40",$B10="GS-GRID B40/40L"),AND(O$5>=4,O$5<=6), OR($B10="GS-GRID SX170",$B10="E'GRID T7"),AND(O$5>=4,O$5<=6), $B10="E'GRID T9L",AND(O$5>=4,O$5<=6), TRUE,FALSE ),"x","") )} -> x | P10: {=IF(OR($B10="Anden armering",$B10=""),"",IF(_xlfn.IFS( $B10="Tensar TriAx TX150",AND(P$5>=1,P$5<=4), $B10="Tensar TriAx TX160",AND(P$5>=3,P$5<=6), $B10="Tensar InterAx NX750",AND(P$5>=5,P$5<=6), $B10="Tensar InterAx NX850",AND(P$5>=5,P$5<=6), $B10="Tensar HX5.5",AND(P$5>=1,P$5<=5), $B10="Tensar SS30",AND(P$5>=3,P$5<=5), $B10="Tensar HX165",AND(P$5>=4,P$5<=6), OR($B10="GS-GRID B20/20",$B10="GS-GRID B20/20L"),AND(P$5>=1,P$5<=3), OR($B10="GS-GRID B30/30",$B10="GS-GRID B30/30L"),AND(P$5>=3,P$5<=5), OR($B10="GS-GRID SX160",$B10="E'GRID T6"),AND(P$5>=3,P$5<=6), OR($B10="GS-GRID B30/30XL",$B10="GS-GRID B40/40",$B10="GS-GRID B40/40L"),AND(P$5>=4,P$5<=6), OR($B10="GS-GRID SX170",$B10="E'GRID T7"),AND(P$5>=4,P$5<=6), $B10="E'GRID T9L",AND(P$5>=4,P$5<=6), TRUE,FALSE ),"x","") )} -> x | Q10: {=IF(OR($B10="Anden armering",$B10=""),"",IF(_xlfn.IFS( $B10="Tensar TriAx TX150",AND(Q$5>=1,Q$5<=4), $B10="Tensar TriAx TX160",AND(Q$5>=3,Q$5<=6), $B10="Tensar InterAx NX750",AND(Q$5>=5,Q$5<=6), $B10="Tensar InterAx NX850",AND(Q$5>=5,Q$5<=6), $B10="Tensar HX5.5",AND(Q$5>=1,Q$5<=5), $B10="Tensar SS30",AND(Q$5>=3,Q$5<=5), $B10="Tensar HX165",AND(Q$5>=4,Q$5<=6), OR($B10="GS-GRID B20/20",$B10="GS-GRID B20/20L"),AND(Q$5>=1,Q$5<=3), OR($B10="GS-GRID B30/30",$B10="GS-GRID B30/30L"),AND(Q$5>=3,Q$5<=5), OR($B10="GS-GRID SX160",$B10="E'GRID T6"),AND(Q$5>=3,Q$5<=6), OR($B10="GS-GRID B30/30XL",$B10="GS-GRID B40/40",$B10="GS-GRID B40/40L"),AND(Q$5>=4,Q$5<=6), OR($B10="GS-GRID SX170",$B10="E'GRID T7"),AND(Q$5>=4,Q$5<=6), $B10="E'GRID T9L",AND(Q$5>=4,Q$5<=6), TRUE,FALSE ),"x","") )} -> x
B11: Tensar InterAx NX750 | C11: Tensar | D11: Hexagonalt | E11: -0.1 | F11: Ej oplyst | G11: Ej oplyst | H11: 20 | I11: Ej oplyst | J11: Effektindeks 110-120 | K11: Ej oplyst | L11: {=IF(OR($B11="Anden armering",$B11=""),"",IF(_xlfn.IFS( $B11="Tensar TriAx TX150",AND(L$5>=1,L$5<=4), $B11="Tensar TriAx TX160",AND(L$5>=3,L$5<=6), $B11="Tensar InterAx NX750",AND(L$5>=5,L$5<=6), $B11="Tensar InterAx NX850",AND(L$5>=5,L$5<=6), $B11="Tensar HX5.5",AND(L$5>=1,L$5<=5), $B11="Tensar SS30",AND(L$5>=3,L$5<=5), $B11="Tensar HX165",AND(L$5>=4,L$5<=6), OR($B11="GS-GRID B20/20",$B11="GS-GRID B20/20L"),AND(L$5>=1,L$5<=3), OR($B11="GS-GRID B30/30",$B11="GS-GRID B30/30L"),AND(L$5>=3,L$5<=5), OR($B11="GS-GRID SX160",$B11="E'GRID T6"),AND(L$5>=3,L$5<=6), OR($B11="GS-GRID B30/30XL",$B11="GS-GRID B40/40",$B11="GS-GRID B40/40L"),AND(L$5>=4,L$5<=6), OR($B11="GS-GRID SX170",$B11="E'GRID T7"),AND(L$5>=4,L$5<=6), $B11="E'GRID T9L",AND(L$5>=4,L$5<=6), TRUE,FALSE ),"x","") )} | M11: {=IF(OR($B11="Anden armering",$B11=""),"",IF(_xlfn.IFS( $B11="Tensar TriAx TX150",AND(M$5>=1,M$5<=4), $B11="Tensar TriAx TX160",AND(M$5>=3,M$5<=6), $B11="Tensar InterAx NX750",AND(M$5>=5,M$5<=6), $B11="Tensar InterAx NX850",AND(M$5>=5,M$5<=6), $B11="Tensar HX5.5",AND(M$5>=1,M$5<=5), $B11="Tensar SS30",AND(M$5>=3,M$5<=5), $B11="Tensar HX165",AND(M$5>=4,M$5<=6), OR($B11="GS-GRID B20/20",$B11="GS-GRID B20/20L"),AND(M$5>=1,M$5<=3), OR($B11="GS-GRID B30/30",$B11="GS-GRID B30/30L"),AND(M$5>=3,M$5<=5), OR($B11="GS-GRID SX160",$B11="E'GRID T6"),AND(M$5>=3,M$5<=6), OR($B11="GS-GRID B30/30XL",$B11="GS-GRID B40/40",$B11="GS-GRID B40/40L"),AND(M$5>=4,M$5<=6), OR($B11="GS-GRID SX170",$B11="E'GRID T7"),AND(M$5>=4,M$5<=6), $B11="E'GRID T9L",AND(M$5>=4,M$5<=6), TRUE,FALSE ),"x","") )} | N11: {=IF(OR($B11="Anden armering",$B11=""),"",IF(_xlfn.IFS( $B11="Tensar TriAx TX150",AND(N$5>=1,N$5<=4), $B11="Tensar TriAx TX160",AND(N$5>=3,N$5<=6), $B11="Tensar InterAx NX750",AND(N$5>=5,N$5<=6), $B11="Tensar InterAx NX850",AND(N$5>=5,N$5<=6), $B11="Tensar HX5.5",AND(N$5>=1,N$5<=5), $B11="Tensar SS30",AND(N$5>=3,N$5<=5), $B11="Tensar HX165",AND(N$5>=4,N$5<=6), OR($B11="GS-GRID B20/20",$B11="GS-GRID B20/20L"),AND(N$5>=1,N$5<=3), OR($B11="GS-GRID B30/30",$B11="GS-GRID B30/30L"),AND(N$5>=3,N$5<=5), OR($B11="GS-GRID SX160",$B11="E'GRID T6"),AND(N$5>=3,N$5<=6), OR($B11="GS-GRID B30/30XL",$B11="GS-GRID B40/40",$B11="GS-GRID B40/40L"),AND(N$5>=4,N$5<=6), OR($B11="GS-GRID SX170",$B11="E'GRID T7"),AND(N$5>=4,N$5<=6), $B11="E'GRID T9L",AND(N$5>=4,N$5<=6), TRUE,FALSE ),"x","") )} | O11: {=IF(OR($B11="Anden armering",$B11=""),"",IF(_xlfn.IFS( $B11="Tensar TriAx TX150",AND(O$5>=1,O$5<=4), $B11="Tensar TriAx TX160",AND(O$5>=3,O$5<=6), $B11="Tensar InterAx NX750",AND(O$5>=5,O$5<=6), $B11="Tensar InterAx NX850",AND(O$5>=5,O$5<=6), $B11="Tensar HX5.5",AND(O$5>=1,O$5<=5), $B11="Tensar SS30",AND(O$5>=3,O$5<=5), $B11="Tensar HX165",AND(O$5>=4,O$5<=6), OR($B11="GS-GRID B20/20",$B11="GS-GRID B20/20L"),AND(O$5>=1,O$5<=3), OR($B11="GS-GRID B30/30",$B11="GS-GRID B30/30L"),AND(O$5>=3,O$5<=5), OR($B11="GS-GRID SX160",$B11="E'GRID T6"),AND(O$5>=3,O$5<=6), OR($B11="GS-GRID B30/30XL",$B11="GS-GRID B40/40",$B11="GS-GRID B40/40L"),AND(O$5>=4,O$5<=6), OR($B11="GS-GRID SX170",$B11="E'GRID T7"),AND(O$5>=4,O$5<=6), $B11="E'GRID T9L",AND(O$5>=4,O$5<=6), TRUE,FALSE ),"x","") )} | P11: {=IF(OR($B11="Anden armering",$B11=""),"",IF(_xlfn.IFS( $B11="Tensar TriAx TX150",AND(P$5>=1,P$5<=4), $B11="Tensar TriAx TX160",AND(P$5>=3,P$5<=6), $B11="Tensar InterAx NX750",AND(P$5>=5,P$5<=6), $B11="Tensar InterAx NX850",AND(P$5>=5,P$5<=6), $B11="Tensar HX5.5",AND(P$5>=1,P$5<=5), $B11="Tensar SS30",AND(P$5>=3,P$5<=5), $B11="Tensar HX165",AND(P$5>=4,P$5<=6), OR($B11="GS-GRID B20/20",$B11="GS-GRID B20/20L"),AND(P$5>=1,P$5<=3), OR($B11="GS-GRID B30/30",$B11="GS-GRID B30/30L"),AND(P$5>=3,P$5<=5), OR($B11="GS-GRID SX160",$B11="E'GRID T6"),AND(P$5>=3,P$5<=6), OR($B11="GS-GRID B30/30XL",$B11="GS-GRID B40/40",$B11="GS-GRID B40/40L"),AND(P$5>=4,P$5<=6), OR($B11="GS-GRID SX170",$B11="E'GRID T7"),AND(P$5>=4,P$5<=6), $B11="E'GRID T9L",AND(P$5>=4,P$5<=6), TRUE,FALSE ),"x","") )} -> x | Q11: {=IF(OR($B11="Anden armering",$B11=""),"",IF(_xlfn.IFS( $B11="Tensar TriAx TX150",AND(Q$5>=1,Q$5<=4), $B11="Tensar TriAx TX160",AND(Q$5>=3,Q$5<=6), $B11="Tensar InterAx NX750",AND(Q$5>=5,Q$5<=6), $B11="Tensar InterAx NX850",AND(Q$5>=5,Q$5<=6), $B11="Tensar HX5.5",AND(Q$5>=1,Q$5<=5), $B11="Tensar SS30",AND(Q$5>=3,Q$5<=5), $B11="Tensar HX165",AND(Q$5>=4,Q$5<=6), OR($B11="GS-GRID B20/20",$B11="GS-GRID B20/20L"),AND(Q$5>=1,Q$5<=3), OR($B11="GS-GRID B30/30",$B11="GS-GRID B30/30L"),AND(Q$5>=3,Q$5<=5), OR($B11="GS-GRID SX160",$B11="E'GRID T6"),AND(Q$5>=3,Q$5<=6), OR($B11="GS-GRID B30/30XL",$B11="GS-GRID B40/40",$B11="GS-GRID B40/40L"),AND(Q$5>=4,Q$5<=6), OR($B11="GS-GRID SX170",$B11="E'GRID T7"),AND(Q$5>=4,Q$5<=6), $B11="E'GRID T9L",AND(Q$5>=4,Q$5<=6), TRUE,FALSE ),"x","") )} -> x
B12: Tensar InterAx NX850 | C12: Tensar | D12: Hexagonalt | E12: -0.15 | F12: Ej oplyst | G12: Ej oplyst | H12: 20 | I12: Ej oplyst | J12: Effektindeks 115-130 | K12: Ej oplyst | L12: {=IF(OR($B12="Anden armering",$B12=""),"",IF(_xlfn.IFS( $B12="Tensar TriAx TX150",AND(L$5>=1,L$5<=4), $B12="Tensar TriAx TX160",AND(L$5>=3,L$5<=6), $B12="Tensar InterAx NX750",AND(L$5>=5,L$5<=6), $B12="Tensar InterAx NX850",AND(L$5>=5,L$5<=6), $B12="Tensar HX5.5",AND(L$5>=1,L$5<=5), $B12="Tensar SS30",AND(L$5>=3,L$5<=5), $B12="Tensar HX165",AND(L$5>=4,L$5<=6), OR($B12="GS-GRID B20/20",$B12="GS-GRID B20/20L"),AND(L$5>=1,L$5<=3), OR($B12="GS-GRID B30/30",$B12="GS-GRID B30/30L"),AND(L$5>=3,L$5<=5), OR($B12="GS-GRID SX160",$B12="E'GRID T6"),AND(L$5>=3,L$5<=6), OR($B12="GS-GRID B30/30XL",$B12="GS-GRID B40/40",$B12="GS-GRID B40/40L"),AND(L$5>=4,L$5<=6), OR($B12="GS-GRID SX170",$B12="E'GRID T7"),AND(L$5>=4,L$5<=6), $B12="E'GRID T9L",AND(L$5>=4,L$5<=6), TRUE,FALSE ),"x","") )} | M12: {=IF(OR($B12="Anden armering",$B12=""),"",IF(_xlfn.IFS( $B12="Tensar TriAx TX150",AND(M$5>=1,M$5<=4), $B12="Tensar TriAx TX160",AND(M$5>=3,M$5<=6), $B12="Tensar InterAx NX750",AND(M$5>=5,M$5<=6), $B12="Tensar InterAx NX850",AND(M$5>=5,M$5<=6), $B12="Tensar HX5.5",AND(M$5>=1,M$5<=5), $B12="Tensar SS30",AND(M$5>=3,M$5<=5), $B12="Tensar HX165",AND(M$5>=4,M$5<=6), OR($B12="GS-GRID B20/20",$B12="GS-GRID B20/20L"),AND(M$5>=1,M$5<=3), OR($B12="GS-GRID B30/30",$B12="GS-GRID B30/30L"),AND(M$5>=3,M$5<=5), OR($B12="GS-GRID SX160",$B12="E'GRID T6"),AND(M$5>=3,M$5<=6), OR($B12="GS-GRID B30/30XL",$B12="GS-GRID B40/40",$B12="GS-GRID B40/40L"),AND(M$5>=4,M$5<=6), OR($B12="GS-GRID SX170",$B12="E'GRID T7"),AND(M$5>=4,M$5<=6), $B12="E'GRID T9L",AND(M$5>=4,M$5<=6), TRUE,FALSE ),"x","") )} | N12: {=IF(OR($B12="Anden armering",$B12=""),"",IF(_xlfn.IFS( $B12="Tensar TriAx TX150",AND(N$5>=1,N$5<=4), $B12="Tensar TriAx TX160",AND(N$5>=3,N$5<=6), $B12="Tensar InterAx NX750",AND(N$5>=5,N$5<=6), $B12="Tensar InterAx NX850",AND(N$5>=5,N$5<=6), $B12="Tensar HX5.5",AND(N$5>=1,N$5<=5), $B12="Tensar SS30",AND(N$5>=3,N$5<=5), $B12="Tensar HX165",AND(N$5>=4,N$5<=6), OR($B12="GS-GRID B20/20",$B12="GS-GRID B20/20L"),AND(N$5>=1,N$5<=3), OR($B12="GS-GRID B30/30",$B12="GS-GRID B30/30L"),AND(N$5>=3,N$5<=5), OR($B12="GS-GRID SX160",$B12="E'GRID T6"),AND(N$5>=3,N$5<=6), OR($B12="GS-GRID B30/30XL",$B12="GS-GRID B40/40",$B12="GS-GRID B40/40L"),AND(N$5>=4,N$5<=6), OR($B12="GS-GRID SX170",$B12="E'GRID T7"),AND(N$5>=4,N$5<=6), $B12="E'GRID T9L",AND(N$5>=4,N$5<=6), TRUE,FALSE ),"x","") )} | O12: {=IF(OR($B12="Anden armering",$B12=""),"",IF(_xlfn.IFS( $B12="Tensar TriAx TX150",AND(O$5>=1,O$5<=4), $B12="Tensar TriAx TX160",AND(O$5>=3,O$5<=6), $B12="Tensar InterAx NX750",AND(O$5>=5,O$5<=6), $B12="Tensar InterAx NX850",AND(O$5>=5,O$5<=6), $B12="Tensar HX5.5",AND(O$5>=1,O$5<=5), $B12="Tensar SS30",AND(O$5>=3,O$5<=5), $B12="Tensar HX165",AND(O$5>=4,O$5<=6), OR($B12="GS-GRID B20/20",$B12="GS-GRID B20/20L"),AND(O$5>=1,O$5<=3), OR($B12="GS-GRID B30/30",$B12="GS-GRID B30/30L"),AND(O$5>=3,O$5<=5), OR($B12="GS-GRID SX160",$B12="E'GRID T6"),AND(O$5>=3,O$5<=6), OR($B12="GS-GRID B30/30XL",$B12="GS-GRID B40/40",$B12="GS-GRID B40/40L"),AND(O$5>=4,O$5<=6), OR($B12="GS-GRID SX170",$B12="E'GRID T7"),AND(O$5>=4,O$5<=6), $B12="E'GRID T9L",AND(O$5>=4,O$5<=6), TRUE,FALSE ),"x","") )} | P12: {=IF(OR($B12="Anden armering",$B12=""),"",IF(_xlfn.IFS( $B12="Tensar TriAx TX150",AND(P$5>=1,P$5<=4), $B12="Tensar TriAx TX160",AND(P$5>=3,P$5<=6), $B12="Tensar InterAx NX750",AND(P$5>=5,P$5<=6), $B12="Tensar InterAx NX850",AND(P$5>=5,P$5<=6), $B12="Tensar HX5.5",AND(P$5>=1,P$5<=5), $B12="Tensar SS30",AND(P$5>=3,P$5<=5), $B12="Tensar HX165",AND(P$5>=4,P$5<=6), OR($B12="GS-GRID B20/20",$B12="GS-GRID B20/20L"),AND(P$5>=1,P$5<=3), OR($B12="GS-GRID B30/30",$B12="GS-GRID B30/30L"),AND(P$5>=3,P$5<=5), OR($B12="GS-GRID SX160",$B12="E'GRID T6"),AND(P$5>=3,P$5<=6), OR($B12="GS-GRID B30/30XL",$B12="GS-GRID B40/40",$B12="GS-GRID B40/40L"),AND(P$5>=4,P$5<=6), OR($B12="GS-GRID SX170",$B12="E'GRID T7"),AND(P$5>=4,P$5<=6), $B12="E'GRID T9L",AND(P$5>=4,P$5<=6), TRUE,FALSE ),"x","") )} -> x | Q12: {=IF(OR($B12="Anden armering",$B12=""),"",IF(_xlfn.IFS( $B12="Tensar TriAx TX150",AND(Q$5>=1,Q$5<=4), $B12="Tensar TriAx TX160",AND(Q$5>=3,Q$5<=6), $B12="Tensar InterAx NX750",AND(Q$5>=5,Q$5<=6), $B12="Tensar InterAx NX850",AND(Q$5>=5,Q$5<=6), $B12="Tensar HX5.5",AND(Q$5>=1,Q$5<=5), $B12="Tensar SS30",AND(Q$5>=3,Q$5<=5), $B12="Tensar HX165",AND(Q$5>=4,Q$5<=6), OR($B12="GS-GRID B20/20",$B12="GS-GRID B20/20L"),AND(Q$5>=1,Q$5<=3), OR($B12="GS-GRID B30/30",$B12="GS-GRID B30/30L"),AND(Q$5>=3,Q$5<=5), OR($B12="GS-GRID SX160",$B12="E'GRID T6"),AND(Q$5>=3,Q$5<=6), OR($B12="GS-GRID B30/30XL",$B12="GS-GRID B40/40",$B12="GS-GRID B40/40L"),AND(Q$5>=4,Q$5<=6), OR($B12="GS-GRID SX170",$B12="E'GRID T7"),AND(Q$5>=4,Q$5<=6), $B12="E'GRID T9L",AND(Q$5>=4,Q$5<=6), TRUE,FALSE ),"x","") )} -> x
B13: GS-GRID B20/20 | C13: GS-GRID | D13: Biaxialt | E13: 0.2 | F13: 35×35 mm | G13: 64 | H13: 20 | I13: 3.95 | K13: 80 | L13: {=IF(OR($B13="Anden armering",$B13=""),"",IF(_xlfn.IFS( $B13="Tensar TriAx TX150",AND(L$5>=1,L$5<=4), $B13="Tensar TriAx TX160",AND(L$5>=3,L$5<=6), $B13="Tensar InterAx NX750",AND(L$5>=5,L$5<=6), $B13="Tensar InterAx NX850",AND(L$5>=5,L$5<=6), $B13="Tensar HX5.5",AND(L$5>=1,L$5<=5), $B13="Tensar SS30",AND(L$5>=3,L$5<=5), $B13="Tensar HX165",AND(L$5>=4,L$5<=6), OR($B13="GS-GRID B20/20",$B13="GS-GRID B20/20L"),AND(L$5>=1,L$5<=3), OR($B13="GS-GRID B30/30",$B13="GS-GRID B30/30L"),AND(L$5>=3,L$5<=5), OR($B13="GS-GRID SX160",$B13="E'GRID T6"),AND(L$5>=3,L$5<=6), OR($B13="GS-GRID B30/30XL",$B13="GS-GRID B40/40",$B13="GS-GRID B40/40L"),AND(L$5>=4,L$5<=6), OR($B13="GS-GRID SX170",$B13="E'GRID T7"),AND(L$5>=4,L$5<=6), $B13="E'GRID T9L",AND(L$5>=4,L$5<=6), TRUE,FALSE ),"x","") )} -> x | M13: {=IF(OR($B13="Anden armering",$B13=""),"",IF(_xlfn.IFS( $B13="Tensar TriAx TX150",AND(M$5>=1,M$5<=4), $B13="Tensar TriAx TX160",AND(M$5>=3,M$5<=6), $B13="Tensar InterAx NX750",AND(M$5>=5,M$5<=6), $B13="Tensar InterAx NX850",AND(M$5>=5,M$5<=6), $B13="Tensar HX5.5",AND(M$5>=1,M$5<=5), $B13="Tensar SS30",AND(M$5>=3,M$5<=5), $B13="Tensar HX165",AND(M$5>=4,M$5<=6), OR($B13="GS-GRID B20/20",$B13="GS-GRID B20/20L"),AND(M$5>=1,M$5<=3), OR($B13="GS-GRID B30/30",$B13="GS-GRID B30/30L"),AND(M$5>=3,M$5<=5), OR($B13="GS-GRID SX160",$B13="E'GRID T6"),AND(M$5>=3,M$5<=6), OR($B13="GS-GRID B30/30XL",$B13="GS-GRID B40/40",$B13="GS-GRID B40/40L"),AND(M$5>=4,M$5<=6), OR($B13="GS-GRID SX170",$B13="E'GRID T7"),AND(M$5>=4,M$5<=6), $B13="E'GRID T9L",AND(M$5>=4,M$5<=6), TRUE,FALSE ),"x","") )} -> x | N13: {=IF(OR($B13="Anden armering",$B13=""),"",IF(_xlfn.IFS( $B13="Tensar TriAx TX150",AND(N$5>=1,N$5<=4), $B13="Tensar TriAx TX160",AND(N$5>=3,N$5<=6), $B13="Tensar InterAx NX750",AND(N$5>=5,N$5<=6), $B13="Tensar InterAx NX850",AND(N$5>=5,N$5<=6), $B13="Tensar HX5.5",AND(N$5>=1,N$5<=5), $B13="Tensar SS30",AND(N$5>=3,N$5<=5), $B13="Tensar HX165",AND(N$5>=4,N$5<=6), OR($B13="GS-GRID B20/20",$B13="GS-GRID B20/20L"),AND(N$5>=1,N$5<=3), OR($B13="GS-GRID B30/30",$B13="GS-GRID B30/30L"),AND(N$5>=3,N$5<=5), OR($B13="GS-GRID SX160",$B13="E'GRID T6"),AND(N$5>=3,N$5<=6), OR($B13="GS-GRID B30/30XL",$B13="GS-GRID B40/40",$B13="GS-GRID B40/40L"),AND(N$5>=4,N$5<=6), OR($B13="GS-GRID SX170",$B13="E'GRID T7"),AND(N$5>=4,N$5<=6), $B13="E'GRID T9L",AND(N$5>=4,N$5<=6), TRUE,FALSE ),"x","") )} -> x | O13: {=IF(OR($B13="Anden armering",$B13=""),"",IF(_xlfn.IFS( $B13="Tensar TriAx TX150",AND(O$5>=1,O$5<=4), $B13="Tensar TriAx TX160",AND(O$5>=3,O$5<=6), $B13="Tensar InterAx NX750",AND(O$5>=5,O$5<=6), $B13="Tensar InterAx NX850",AND(O$5>=5,O$5<=6), $B13="Tensar HX5.5",AND(O$5>=1,O$5<=5), $B13="Tensar SS30",AND(O$5>=3,O$5<=5), $B13="Tensar HX165",AND(O$5>=4,O$5<=6), OR($B13="GS-GRID B20/20",$B13="GS-GRID B20/20L"),AND(O$5>=1,O$5<=3), OR($B13="GS-GRID B30/30",$B13="GS-GRID B30/30L"),AND(O$5>=3,O$5<=5), OR($B13="GS-GRID SX160",$B13="E'GRID T6"),AND(O$5>=3,O$5<=6), OR($B13="GS-GRID B30/30XL",$B13="GS-GRID B40/40",$B13="GS-GRID B40/40L"),AND(O$5>=4,O$5<=6), OR($B13="GS-GRID SX170",$B13="E'GRID T7"),AND(O$5>=4,O$5<=6), $B13="E'GRID T9L",AND(O$5>=4,O$5<=6), TRUE,FALSE ),"x","") )} | P13: {=IF(OR($B13="Anden armering",$B13=""),"",IF(_xlfn.IFS( $B13="Tensar TriAx TX150",AND(P$5>=1,P$5<=4), $B13="Tensar TriAx TX160",AND(P$5>=3,P$5<=6), $B13="Tensar InterAx NX750",AND(P$5>=5,P$5<=6), $B13="Tensar InterAx NX850",AND(P$5>=5,P$5<=6), $B13="Tensar HX5.5",AND(P$5>=1,P$5<=5), $B13="Tensar SS30",AND(P$5>=3,P$5<=5), $B13="Tensar HX165",AND(P$5>=4,P$5<=6), OR($B13="GS-GRID B20/20",$B13="GS-GRID B20/20L"),AND(P$5>=1,P$5<=3), OR($B13="GS-GRID B30/30",$B13="GS-GRID B30/30L"),AND(P$5>=3,P$5<=5), OR($B13="GS-GRID SX160",$B13="E'GRID T6"),AND(P$5>=3,P$5<=6), OR($B13="GS-GRID B30/30XL",$B13="GS-GRID B40/40",$B13="GS-GRID B40/40L"),AND(P$5>=4,P$5<=6), OR($B13="GS-GRID SX170",$B13="E'GRID T7"),AND(P$5>=4,P$5<=6), $B13="E'GRID T9L",AND(P$5>=4,P$5<=6), TRUE,FALSE ),"x","") )} | Q13: {=IF(OR($B13="Anden armering",$B13=""),"",IF(_xlfn.IFS( $B13="Tensar TriAx TX150",AND(Q$5>=1,Q$5<=4), $B13="Tensar TriAx TX160",AND(Q$5>=3,Q$5<=6), $B13="Tensar InterAx NX750",AND(Q$5>=5,Q$5<=6), $B13="Tensar InterAx NX850",AND(Q$5>=5,Q$5<=6), $B13="Tensar HX5.5",AND(Q$5>=1,Q$5<=5), $B13="Tensar SS30",AND(Q$5>=3,Q$5<=5), $B13="Tensar HX165",AND(Q$5>=4,Q$5<=6), OR($B13="GS-GRID B20/20",$B13="GS-GRID B20/20L"),AND(Q$5>=1,Q$5<=3), OR($B13="GS-GRID B30/30",$B13="GS-GRID B30/30L"),AND(Q$5>=3,Q$5<=5), OR($B13="GS-GRID SX160",$B13="E'GRID T6"),AND(Q$5>=3,Q$5<=6), OR($B13="GS-GRID B30/30XL",$B13="GS-GRID B40/40",$B13="GS-GRID B40/40L"),AND(Q$5>=4,Q$5<=6), OR($B13="GS-GRID SX170",$B13="E'GRID T7"),AND(Q$5>=4,Q$5<=6), $B13="E'GRID T9L",AND(Q$5>=4,Q$5<=6), TRUE,FALSE ),"x","") )}
B14: GS-GRID B20/20L | C14: GS-GRID | D14: Biaxialt | E14: 0.2 | F14: Ej oplyst | G14: Ej oplyst | H14: 20 | I14: Ej oplyst | K14: Ej oplyst | L14: {=IF(OR($B14="Anden armering",$B14=""),"",IF(_xlfn.IFS( $B14="Tensar TriAx TX150",AND(L$5>=1,L$5<=4), $B14="Tensar TriAx TX160",AND(L$5>=3,L$5<=6), $B14="Tensar InterAx NX750",AND(L$5>=5,L$5<=6), $B14="Tensar InterAx NX850",AND(L$5>=5,L$5<=6), $B14="Tensar HX5.5",AND(L$5>=1,L$5<=5), $B14="Tensar SS30",AND(L$5>=3,L$5<=5), $B14="Tensar HX165",AND(L$5>=4,L$5<=6), OR($B14="GS-GRID B20/20",$B14="GS-GRID B20/20L"),AND(L$5>=1,L$5<=3), OR($B14="GS-GRID B30/30",$B14="GS-GRID B30/30L"),AND(L$5>=3,L$5<=5), OR($B14="GS-GRID SX160",$B14="E'GRID T6"),AND(L$5>=3,L$5<=6), OR($B14="GS-GRID B30/30XL",$B14="GS-GRID B40/40",$B14="GS-GRID B40/40L"),AND(L$5>=4,L$5<=6), OR($B14="GS-GRID SX170",$B14="E'GRID T7"),AND(L$5>=4,L$5<=6), $B14="E'GRID T9L",AND(L$5>=4,L$5<=6), TRUE,FALSE ),"x","") )} -> x | M14: {=IF(OR($B14="Anden armering",$B14=""),"",IF(_xlfn.IFS( $B14="Tensar TriAx TX150",AND(M$5>=1,M$5<=4), $B14="Tensar TriAx TX160",AND(M$5>=3,M$5<=6), $B14="Tensar InterAx NX750",AND(M$5>=5,M$5<=6), $B14="Tensar InterAx NX850",AND(M$5>=5,M$5<=6), $B14="Tensar HX5.5",AND(M$5>=1,M$5<=5), $B14="Tensar SS30",AND(M$5>=3,M$5<=5), $B14="Tensar HX165",AND(M$5>=4,M$5<=6), OR($B14="GS-GRID B20/20",$B14="GS-GRID B20/20L"),AND(M$5>=1,M$5<=3), OR($B14="GS-GRID B30/30",$B14="GS-GRID B30/30L"),AND(M$5>=3,M$5<=5), OR($B14="GS-GRID SX160",$B14="E'GRID T6"),AND(M$5>=3,M$5<=6), OR($B14="GS-GRID B30/30XL",$B14="GS-GRID B40/40",$B14="GS-GRID B40/40L"),AND(M$5>=4,M$5<=6), OR($B14="GS-GRID SX170",$B14="E'GRID T7"),AND(M$5>=4,M$5<=6), $B14="E'GRID T9L",AND(M$5>=4,M$5<=6), TRUE,FALSE ),"x","") )} -> x | N14: {=IF(OR($B14="Anden armering",$B14=""),"",IF(_xlfn.IFS( $B14="Tensar TriAx TX150",AND(N$5>=1,N$5<=4), $B14="Tensar TriAx TX160",AND(N$5>=3,N$5<=6), $B14="Tensar InterAx NX750",AND(N$5>=5,N$5<=6), $B14="Tensar InterAx NX850",AND(N$5>=5,N$5<=6), $B14="Tensar HX5.5",AND(N$5>=1,N$5<=5), $B14="Tensar SS30",AND(N$5>=3,N$5<=5), $B14="Tensar HX165",AND(N$5>=4,N$5<=6), OR($B14="GS-GRID B20/20",$B14="GS-GRID B20/20L"),AND(N$5>=1,N$5<=3), OR($B14="GS-GRID B30/30",$B14="GS-GRID B30/30L"),AND(N$5>=3,N$5<=5), OR($B14="GS-GRID SX160",$B14="E'GRID T6"),AND(N$5>=3,N$5<=6), OR($B14="GS-GRID B30/30XL",$B14="GS-GRID B40/40",$B14="GS-GRID B40/40L"),AND(N$5>=4,N$5<=6), OR($B14="GS-GRID SX170",$B14="E'GRID T7"),AND(N$5>=4,N$5<=6), $B14="E'GRID T9L",AND(N$5>=4,N$5<=6), TRUE,FALSE ),"x","") )} -> x | O14: {=IF(OR($B14="Anden armering",$B14=""),"",IF(_xlfn.IFS( $B14="Tensar TriAx TX150",AND(O$5>=1,O$5<=4), $B14="Tensar TriAx TX160",AND(O$5>=3,O$5<=6), $B14="Tensar InterAx NX750",AND(O$5>=5,O$5<=6), $B14="Tensar InterAx NX850",AND(O$5>=5,O$5<=6), $B14="Tensar HX5.5",AND(O$5>=1,O$5<=5), $B14="Tensar SS30",AND(O$5>=3,O$5<=5), $B14="Tensar HX165",AND(O$5>=4,O$5<=6), OR($B14="GS-GRID B20/20",$B14="GS-GRID B20/20L"),AND(O$5>=1,O$5<=3), OR($B14="GS-GRID B30/30",$B14="GS-GRID B30/30L"),AND(O$5>=3,O$5<=5), OR($B14="GS-GRID SX160",$B14="E'GRID T6"),AND(O$5>=3,O$5<=6), OR($B14="GS-GRID B30/30XL",$B14="GS-GRID B40/40",$B14="GS-GRID B40/40L"),AND(O$5>=4,O$5<=6), OR($B14="GS-GRID SX170",$B14="E'GRID T7"),AND(O$5>=4,O$5<=6), $B14="E'GRID T9L",AND(O$5>=4,O$5<=6), TRUE,FALSE ),"x","") )} | P14: {=IF(OR($B14="Anden armering",$B14=""),"",IF(_xlfn.IFS( $B14="Tensar TriAx TX150",AND(P$5>=1,P$5<=4), $B14="Tensar TriAx TX160",AND(P$5>=3,P$5<=6), $B14="Tensar InterAx NX750",AND(P$5>=5,P$5<=6), $B14="Tensar InterAx NX850",AND(P$5>=5,P$5<=6), $B14="Tensar HX5.5",AND(P$5>=1,P$5<=5), $B14="Tensar SS30",AND(P$5>=3,P$5<=5), $B14="Tensar HX165",AND(P$5>=4,P$5<=6), OR($B14="GS-GRID B20/20",$B14="GS-GRID B20/20L"),AND(P$5>=1,P$5<=3), OR($B14="GS-GRID B30/30",$B14="GS-GRID B30/30L"),AND(P$5>=3,P$5<=5), OR($B14="GS-GRID SX160",$B14="E'GRID T6"),AND(P$5>=3,P$5<=6), OR($B14="GS-GRID B30/30XL",$B14="GS-GRID B40/40",$B14="GS-GRID B40/40L"),AND(P$5>=4,P$5<=6), OR($B14="GS-GRID SX170",$B14="E'GRID T7"),AND(P$5>=4,P$5<=6), $B14="E'GRID T9L",AND(P$5>=4,P$5<=6), TRUE,FALSE ),"x","") )} | Q14: {=IF(OR($B14="Anden armering",$B14=""),"",IF(_xlfn.IFS( $B14="Tensar TriAx TX150",AND(Q$5>=1,Q$5<=4), $B14="Tensar TriAx TX160",AND(Q$5>=3,Q$5<=6), $B14="Tensar InterAx NX750",AND(Q$5>=5,Q$5<=6), $B14="Tensar InterAx NX850",AND(Q$5>=5,Q$5<=6), $B14="Tensar HX5.5",AND(Q$5>=1,Q$5<=5), $B14="Tensar SS30",AND(Q$5>=3,Q$5<=5), $B14="Tensar HX165",AND(Q$5>=4,Q$5<=6), OR($B14="GS-GRID B20/20",$B14="GS-GRID B20/20L"),AND(Q$5>=1,Q$5<=3), OR($B14="GS-GRID B30/30",$B14="GS-GRID B30/30L"),AND(Q$5>=3,Q$5<=5), OR($B14="GS-GRID SX160",$B14="E'GRID T6"),AND(Q$5>=3,Q$5<=6), OR($B14="GS-GRID B30/30XL",$B14="GS-GRID B40/40",$B14="GS-GRID B40/40L"),AND(Q$5>=4,Q$5<=6), OR($B14="GS-GRID SX170",$B14="E'GRID T7"),AND(Q$5>=4,Q$5<=6), $B14="E'GRID T9L",AND(Q$5>=4,Q$5<=6), TRUE,FALSE ),"x","") )}
B15: GS-GRID B30/30 | C15: GS-GRID | D15: Biaxialt | E15: 0.1 | F15: 34×34 mm | G15: 64 | H15: 20 | I15: 3.95 | K15: 80 | L15: {=IF(OR($B15="Anden armering",$B15=""),"",IF(_xlfn.IFS( $B15="Tensar TriAx TX150",AND(L$5>=1,L$5<=4), $B15="Tensar TriAx TX160",AND(L$5>=3,L$5<=6), $B15="Tensar InterAx NX750",AND(L$5>=5,L$5<=6), $B15="Tensar InterAx NX850",AND(L$5>=5,L$5<=6), $B15="Tensar HX5.5",AND(L$5>=1,L$5<=5), $B15="Tensar SS30",AND(L$5>=3,L$5<=5), $B15="Tensar HX165",AND(L$5>=4,L$5<=6), OR($B15="GS-GRID B20/20",$B15="GS-GRID B20/20L"),AND(L$5>=1,L$5<=3), OR($B15="GS-GRID B30/30",$B15="GS-GRID B30/30L"),AND(L$5>=3,L$5<=5), OR($B15="GS-GRID SX160",$B15="E'GRID T6"),AND(L$5>=3,L$5<=6), OR($B15="GS-GRID B30/30XL",$B15="GS-GRID B40/40",$B15="GS-GRID B40/40L"),AND(L$5>=4,L$5<=6), OR($B15="GS-GRID SX170",$B15="E'GRID T7"),AND(L$5>=4,L$5<=6), $B15="E'GRID T9L",AND(L$5>=4,L$5<=6), TRUE,FALSE ),"x","") )} | M15: {=IF(OR($B15="Anden armering",$B15=""),"",IF(_xlfn.IFS( $B15="Tensar TriAx TX150",AND(M$5>=1,M$5<=4), $B15="Tensar TriAx TX160",AND(M$5>=3,M$5<=6), $B15="Tensar InterAx NX750",AND(M$5>=5,M$5<=6), $B15="Tensar InterAx NX850",AND(M$5>=5,M$5<=6), $B15="Tensar HX5.5",AND(M$5>=1,M$5<=5), $B15="Tensar SS30",AND(M$5>=3,M$5<=5), $B15="Tensar HX165",AND(M$5>=4,M$5<=6), OR($B15="GS-GRID B20/20",$B15="GS-GRID B20/20L"),AND(M$5>=1,M$5<=3), OR($B15="GS-GRID B30/30",$B15="GS-GRID B30/30L"),AND(M$5>=3,M$5<=5), OR($B15="GS-GRID SX160",$B15="E'GRID T6"),AND(M$5>=3,M$5<=6), OR($B15="GS-GRID B30/30XL",$B15="GS-GRID B40/40",$B15="GS-GRID B40/40L"),AND(M$5>=4,M$5<=6), OR($B15="GS-GRID SX170",$B15="E'GRID T7"),AND(M$5>=4,M$5<=6), $B15="E'GRID T9L",AND(M$5>=4,M$5<=6), TRUE,FALSE ),"x","") )} | N15: {=IF(OR($B15="Anden armering",$B15=""),"",IF(_xlfn.IFS( $B15="Tensar TriAx TX150",AND(N$5>=1,N$5<=4), $B15="Tensar TriAx TX160",AND(N$5>=3,N$5<=6), $B15="Tensar InterAx NX750",AND(N$5>=5,N$5<=6), $B15="Tensar InterAx NX850",AND(N$5>=5,N$5<=6), $B15="Tensar HX5.5",AND(N$5>=1,N$5<=5), $B15="Tensar SS30",AND(N$5>=3,N$5<=5), $B15="Tensar HX165",AND(N$5>=4,N$5<=6), OR($B15="GS-GRID B20/20",$B15="GS-GRID B20/20L"),AND(N$5>=1,N$5<=3), OR($B15="GS-GRID B30/30",$B15="GS-GRID B30/30L"),AND(N$5>=3,N$5<=5), OR($B15="GS-GRID SX160",$B15="E'GRID T6"),AND(N$5>=3,N$5<=6), OR($B15="GS-GRID B30/30XL",$B15="GS-GRID B40/40",$B15="GS-GRID B40/40L"),AND(N$5>=4,N$5<=6), OR($B15="GS-GRID SX170",$B15="E'GRID T7"),AND(N$5>=4,N$5<=6), $B15="E'GRID T9L",AND(N$5>=4,N$5<=6), TRUE,FALSE ),"x","") )} -> x | O15: {=IF(OR($B15="Anden armering",$B15=""),"",IF(_xlfn.IFS( $B15="Tensar TriAx TX150",AND(O$5>=1,O$5<=4), $B15="Tensar TriAx TX160",AND(O$5>=3,O$5<=6), $B15="Tensar InterAx NX750",AND(O$5>=5,O$5<=6), $B15="Tensar InterAx NX850",AND(O$5>=5,O$5<=6), $B15="Tensar HX5.5",AND(O$5>=1,O$5<=5), $B15="Tensar SS30",AND(O$5>=3,O$5<=5), $B15="Tensar HX165",AND(O$5>=4,O$5<=6), OR($B15="GS-GRID B20/20",$B15="GS-GRID B20/20L"),AND(O$5>=1,O$5<=3), OR($B15="GS-GRID B30/30",$B15="GS-GRID B30/30L"),AND(O$5>=3,O$5<=5), OR($B15="GS-GRID SX160",$B15="E'GRID T6"),AND(O$5>=3,O$5<=6), OR($B15="GS-GRID B30/30XL",$B15="GS-GRID B40/40",$B15="GS-GRID B40/40L"),AND(O$5>=4,O$5<=6), OR($B15="GS-GRID SX170",$B15="E'GRID T7"),AND(O$5>=4,O$5<=6), $B15="E'GRID T9L",AND(O$5>=4,O$5<=6), TRUE,FALSE ),"x","") )} -> x | P15: {=IF(OR($B15="Anden armering",$B15=""),"",IF(_xlfn.IFS( $B15="Tensar TriAx TX150",AND(P$5>=1,P$5<=4), $B15="Tensar TriAx TX160",AND(P$5>=3,P$5<=6), $B15="Tensar InterAx NX750",AND(P$5>=5,P$5<=6), $B15="Tensar InterAx NX850",AND(P$5>=5,P$5<=6), $B15="Tensar HX5.5",AND(P$5>=1,P$5<=5), $B15="Tensar SS30",AND(P$5>=3,P$5<=5), $B15="Tensar HX165",AND(P$5>=4,P$5<=6), OR($B15="GS-GRID B20/20",$B15="GS-GRID B20/20L"),AND(P$5>=1,P$5<=3), OR($B15="GS-GRID B30/30",$B15="GS-GRID B30/30L"),AND(P$5>=3,P$5<=5), OR($B15="GS-GRID SX160",$B15="E'GRID T6"),AND(P$5>=3,P$5<=6), OR($B15="GS-GRID B30/30XL",$B15="GS-GRID B40/40",$B15="GS-GRID B40/40L"),AND(P$5>=4,P$5<=6), OR($B15="GS-GRID SX170",$B15="E'GRID T7"),AND(P$5>=4,P$5<=6), $B15="E'GRID T9L",AND(P$5>=4,P$5<=6), TRUE,FALSE ),"x","") )} -> x | Q15: {=IF(OR($B15="Anden armering",$B15=""),"",IF(_xlfn.IFS( $B15="Tensar TriAx TX150",AND(Q$5>=1,Q$5<=4), $B15="Tensar TriAx TX160",AND(Q$5>=3,Q$5<=6), $B15="Tensar InterAx NX750",AND(Q$5>=5,Q$5<=6), $B15="Tensar InterAx NX850",AND(Q$5>=5,Q$5<=6), $B15="Tensar HX5.5",AND(Q$5>=1,Q$5<=5), $B15="Tensar SS30",AND(Q$5>=3,Q$5<=5), $B15="Tensar HX165",AND(Q$5>=4,Q$5<=6), OR($B15="GS-GRID B20/20",$B15="GS-GRID B20/20L"),AND(Q$5>=1,Q$5<=3), OR($B15="GS-GRID B30/30",$B15="GS-GRID B30/30L"),AND(Q$5>=3,Q$5<=5), OR($B15="GS-GRID SX160",$B15="E'GRID T6"),AND(Q$5>=3,Q$5<=6), OR($B15="GS-GRID B30/30XL",$B15="GS-GRID B40/40",$B15="GS-GRID B40/40L"),AND(Q$5>=4,Q$5<=6), OR($B15="GS-GRID SX170",$B15="E'GRID T7"),AND(Q$5>=4,Q$5<=6), $B15="E'GRID T9L",AND(Q$5>=4,Q$5<=6), TRUE,FALSE ),"x","") )}
B16: GS-GRID B30/30L | C16: GS-GRID | D16: Biaxialt | E16: 0.1 | F16: 57×57 mm | G16: 120 | H16: 40 | I16: 3.95 | K16: 150 | L16: {=IF(OR($B16="Anden armering",$B16=""),"",IF(_xlfn.IFS( $B16="Tensar TriAx TX150",AND(L$5>=1,L$5<=4), $B16="Tensar TriAx TX160",AND(L$5>=3,L$5<=6), $B16="Tensar InterAx NX750",AND(L$5>=5,L$5<=6), $B16="Tensar InterAx NX850",AND(L$5>=5,L$5<=6), $B16="Tensar HX5.5",AND(L$5>=1,L$5<=5), $B16="Tensar SS30",AND(L$5>=3,L$5<=5), $B16="Tensar HX165",AND(L$5>=4,L$5<=6), OR($B16="GS-GRID B20/20",$B16="GS-GRID B20/20L"),AND(L$5>=1,L$5<=3), OR($B16="GS-GRID B30/30",$B16="GS-GRID B30/30L"),AND(L$5>=3,L$5<=5), OR($B16="GS-GRID SX160",$B16="E'GRID T6"),AND(L$5>=3,L$5<=6), OR($B16="GS-GRID B30/30XL",$B16="GS-GRID B40/40",$B16="GS-GRID B40/40L"),AND(L$5>=4,L$5<=6), OR($B16="GS-GRID SX170",$B16="E'GRID T7"),AND(L$5>=4,L$5<=6), $B16="E'GRID T9L",AND(L$5>=4,L$5<=6), TRUE,FALSE ),"x","") )} | M16: {=IF(OR($B16="Anden armering",$B16=""),"",IF(_xlfn.IFS( $B16="Tensar TriAx TX150",AND(M$5>=1,M$5<=4), $B16="Tensar TriAx TX160",AND(M$5>=3,M$5<=6), $B16="Tensar InterAx NX750",AND(M$5>=5,M$5<=6), $B16="Tensar InterAx NX850",AND(M$5>=5,M$5<=6), $B16="Tensar HX5.5",AND(M$5>=1,M$5<=5), $B16="Tensar SS30",AND(M$5>=3,M$5<=5), $B16="Tensar HX165",AND(M$5>=4,M$5<=6), OR($B16="GS-GRID B20/20",$B16="GS-GRID B20/20L"),AND(M$5>=1,M$5<=3), OR($B16="GS-GRID B30/30",$B16="GS-GRID B30/30L"),AND(M$5>=3,M$5<=5), OR($B16="GS-GRID SX160",$B16="E'GRID T6"),AND(M$5>=3,M$5<=6), OR($B16="GS-GRID B30/30XL",$B16="GS-GRID B40/40",$B16="GS-GRID B40/40L"),AND(M$5>=4,M$5<=6), OR($B16="GS-GRID SX170",$B16="E'GRID T7"),AND(M$5>=4,M$5<=6), $B16="E'GRID T9L",AND(M$5>=4,M$5<=6), TRUE,FALSE ),"x","") )} | N16: {=IF(OR($B16="Anden armering",$B16=""),"",IF(_xlfn.IFS( $B16="Tensar TriAx TX150",AND(N$5>=1,N$5<=4), $B16="Tensar TriAx TX160",AND(N$5>=3,N$5<=6), $B16="Tensar InterAx NX750",AND(N$5>=5,N$5<=6), $B16="Tensar InterAx NX850",AND(N$5>=5,N$5<=6), $B16="Tensar HX5.5",AND(N$5>=1,N$5<=5), $B16="Tensar SS30",AND(N$5>=3,N$5<=5), $B16="Tensar HX165",AND(N$5>=4,N$5<=6), OR($B16="GS-GRID B20/20",$B16="GS-GRID B20/20L"),AND(N$5>=1,N$5<=3), OR($B16="GS-GRID B30/30",$B16="GS-GRID B30/30L"),AND(N$5>=3,N$5<=5), OR($B16="GS-GRID SX160",$B16="E'GRID T6"),AND(N$5>=3,N$5<=6), OR($B16="GS-GRID B30/30XL",$B16="GS-GRID B40/40",$B16="GS-GRID B40/40L"),AND(N$5>=4,N$5<=6), OR($B16="GS-GRID SX170",$B16="E'GRID T7"),AND(N$5>=4,N$5<=6), $B16="E'GRID T9L",AND(N$5>=4,N$5<=6), TRUE,FALSE ),"x","") )} -> x | O16: {=IF(OR($B16="Anden armering",$B16=""),"",IF(_xlfn.IFS( $B16="Tensar TriAx TX150",AND(O$5>=1,O$5<=4), $B16="Tensar TriAx TX160",AND(O$5>=3,O$5<=6), $B16="Tensar InterAx NX750",AND(O$5>=5,O$5<=6), $B16="Tensar InterAx NX850",AND(O$5>=5,O$5<=6), $B16="Tensar HX5.5",AND(O$5>=1,O$5<=5), $B16="Tensar SS30",AND(O$5>=3,O$5<=5), $B16="Tensar HX165",AND(O$5>=4,O$5<=6), OR($B16="GS-GRID B20/20",$B16="GS-GRID B20/20L"),AND(O$5>=1,O$5<=3), OR($B16="GS-GRID B30/30",$B16="GS-GRID B30/30L"),AND(O$5>=3,O$5<=5), OR($B16="GS-GRID SX160",$B16="E'GRID T6"),AND(O$5>=3,O$5<=6), OR($B16="GS-GRID B30/30XL",$B16="GS-GRID B40/40",$B16="GS-GRID B40/40L"),AND(O$5>=4,O$5<=6), OR($B16="GS-GRID SX170",$B16="E'GRID T7"),AND(O$5>=4,O$5<=6), $B16="E'GRID T9L",AND(O$5>=4,O$5<=6), TRUE,FALSE ),"x","") )} -> x | P16: {=IF(OR($B16="Anden armering",$B16=""),"",IF(_xlfn.IFS( $B16="Tensar TriAx TX150",AND(P$5>=1,P$5<=4), $B16="Tensar TriAx TX160",AND(P$5>=3,P$5<=6), $B16="Tensar InterAx NX750",AND(P$5>=5,P$5<=6), $B16="Tensar InterAx NX850",AND(P$5>=5,P$5<=6), $B16="Tensar HX5.5",AND(P$5>=1,P$5<=5), $B16="Tensar SS30",AND(P$5>=3,P$5<=5), $B16="Tensar HX165",AND(P$5>=4,P$5<=6), OR($B16="GS-GRID B20/20",$B16="GS-GRID B20/20L"),AND(P$5>=1,P$5<=3), OR($B16="GS-GRID B30/30",$B16="GS-GRID B30/30L"),AND(P$5>=3,P$5<=5), OR($B16="GS-GRID SX160",$B16="E'GRID T6"),AND(P$5>=3,P$5<=6), OR($B16="GS-GRID B30/30XL",$B16="GS-GRID B40/40",$B16="GS-GRID B40/40L"),AND(P$5>=4,P$5<=6), OR($B16="GS-GRID SX170",$B16="E'GRID T7"),AND(P$5>=4,P$5<=6), $B16="E'GRID T9L",AND(P$5>=4,P$5<=6), TRUE,FALSE ),"x","") )} -> x | Q16: {=IF(OR($B16="Anden armering",$B16=""),"",IF(_xlfn.IFS( $B16="Tensar TriAx TX150",AND(Q$5>=1,Q$5<=4), $B16="Tensar TriAx TX160",AND(Q$5>=3,Q$5<=6), $B16="Tensar InterAx NX750",AND(Q$5>=5,Q$5<=6), $B16="Tensar InterAx NX850",AND(Q$5>=5,Q$5<=6), $B16="Tensar HX5.5",AND(Q$5>=1,Q$5<=5), $B16="Tensar SS30",AND(Q$5>=3,Q$5<=5), $B16="Tensar HX165",AND(Q$5>=4,Q$5<=6), OR($B16="GS-GRID B20/20",$B16="GS-GRID B20/20L"),AND(Q$5>=1,Q$5<=3), OR($B16="GS-GRID B30/30",$B16="GS-GRID B30/30L"),AND(Q$5>=3,Q$5<=5), OR($B16="GS-GRID SX160",$B16="E'GRID T6"),AND(Q$5>=3,Q$5<=6), OR($B16="GS-GRID B30/30XL",$B16="GS-GRID B40/40",$B16="GS-GRID B40/40L"),AND(Q$5>=4,Q$5<=6), OR($B16="GS-GRID SX170",$B16="E'GRID T7"),AND(Q$5>=4,Q$5<=6), $B16="E'GRID T9L",AND(Q$5>=4,Q$5<=6), TRUE,FALSE ),"x","") )}
B17: GS-GRID B30/30XL | C17: GS-GRID | D17: Biaxialt | E17: 0.1 | F17: 95×95 mm | G17: 200 | H17: 60 | I17: 3.95 | K17: 200 | L17: {=IF(OR($B17="Anden armering",$B17=""),"",IF(_xlfn.IFS( $B17="Tensar TriAx TX150",AND(L$5>=1,L$5<=4), $B17="Tensar TriAx TX160",AND(L$5>=3,L$5<=6), $B17="Tensar InterAx NX750",AND(L$5>=5,L$5<=6), $B17="Tensar InterAx NX850",AND(L$5>=5,L$5<=6), $B17="Tensar HX5.5",AND(L$5>=1,L$5<=5), $B17="Tensar SS30",AND(L$5>=3,L$5<=5), $B17="Tensar HX165",AND(L$5>=4,L$5<=6), OR($B17="GS-GRID B20/20",$B17="GS-GRID B20/20L"),AND(L$5>=1,L$5<=3), OR($B17="GS-GRID B30/30",$B17="GS-GRID B30/30L"),AND(L$5>=3,L$5<=5), OR($B17="GS-GRID SX160",$B17="E'GRID T6"),AND(L$5>=3,L$5<=6), OR($B17="GS-GRID B30/30XL",$B17="GS-GRID B40/40",$B17="GS-GRID B40/40L"),AND(L$5>=4,L$5<=6), OR($B17="GS-GRID SX170",$B17="E'GRID T7"),AND(L$5>=4,L$5<=6), $B17="E'GRID T9L",AND(L$5>=4,L$5<=6), TRUE,FALSE ),"x","") )} | M17: {=IF(OR($B17="Anden armering",$B17=""),"",IF(_xlfn.IFS( $B17="Tensar TriAx TX150",AND(M$5>=1,M$5<=4), $B17="Tensar TriAx TX160",AND(M$5>=3,M$5<=6), $B17="Tensar InterAx NX750",AND(M$5>=5,M$5<=6), $B17="Tensar InterAx NX850",AND(M$5>=5,M$5<=6), $B17="Tensar HX5.5",AND(M$5>=1,M$5<=5), $B17="Tensar SS30",AND(M$5>=3,M$5<=5), $B17="Tensar HX165",AND(M$5>=4,M$5<=6), OR($B17="GS-GRID B20/20",$B17="GS-GRID B20/20L"),AND(M$5>=1,M$5<=3), OR($B17="GS-GRID B30/30",$B17="GS-GRID B30/30L"),AND(M$5>=3,M$5<=5), OR($B17="GS-GRID SX160",$B17="E'GRID T6"),AND(M$5>=3,M$5<=6), OR($B17="GS-GRID B30/30XL",$B17="GS-GRID B40/40",$B17="GS-GRID B40/40L"),AND(M$5>=4,M$5<=6), OR($B17="GS-GRID SX170",$B17="E'GRID T7"),AND(M$5>=4,M$5<=6), $B17="E'GRID T9L",AND(M$5>=4,M$5<=6), TRUE,FALSE ),"x","") )} | N17: {=IF(OR($B17="Anden armering",$B17=""),"",IF(_xlfn.IFS( $B17="Tensar TriAx TX150",AND(N$5>=1,N$5<=4), $B17="Tensar TriAx TX160",AND(N$5>=3,N$5<=6), $B17="Tensar InterAx NX750",AND(N$5>=5,N$5<=6), $B17="Tensar InterAx NX850",AND(N$5>=5,N$5<=6), $B17="Tensar HX5.5",AND(N$5>=1,N$5<=5), $B17="Tensar SS30",AND(N$5>=3,N$5<=5), $B17="Tensar HX165",AND(N$5>=4,N$5<=6), OR($B17="GS-GRID B20/20",$B17="GS-GRID B20/20L"),AND(N$5>=1,N$5<=3), OR($B17="GS-GRID B30/30",$B17="GS-GRID B30/30L"),AND(N$5>=3,N$5<=5), OR($B17="GS-GRID SX160",$B17="E'GRID T6"),AND(N$5>=3,N$5<=6), OR($B17="GS-GRID B30/30XL",$B17="GS-GRID B40/40",$B17="GS-GRID B40/40L"),AND(N$5>=4,N$5<=6), OR($B17="GS-GRID SX170",$B17="E'GRID T7"),AND(N$5>=4,N$5<=6), $B17="E'GRID T9L",AND(N$5>=4,N$5<=6), TRUE,FALSE ),"x","") )} | O17: {=IF(OR($B17="Anden armering",$B17=""),"",IF(_xlfn.IFS( $B17="Tensar TriAx TX150",AND(O$5>=1,O$5<=4), $B17="Tensar TriAx TX160",AND(O$5>=3,O$5<=6), $B17="Tensar InterAx NX750",AND(O$5>=5,O$5<=6), $B17="Tensar InterAx NX850",AND(O$5>=5,O$5<=6), $B17="Tensar HX5.5",AND(O$5>=1,O$5<=5), $B17="Tensar SS30",AND(O$5>=3,O$5<=5), $B17="Tensar HX165",AND(O$5>=4,O$5<=6), OR($B17="GS-GRID B20/20",$B17="GS-GRID B20/20L"),AND(O$5>=1,O$5<=3), OR($B17="GS-GRID B30/30",$B17="GS-GRID B30/30L"),AND(O$5>=3,O$5<=5), OR($B17="GS-GRID SX160",$B17="E'GRID T6"),AND(O$5>=3,O$5<=6), OR($B17="GS-GRID B30/30XL",$B17="GS-GRID B40/40",$B17="GS-GRID B40/40L"),AND(O$5>=4,O$5<=6), OR($B17="GS-GRID SX170",$B17="E'GRID T7"),AND(O$5>=4,O$5<=6), $B17="E'GRID T9L",AND(O$5>=4,O$5<=6), TRUE,FALSE ),"x","") )} -> x | P17: {=IF(OR($B17="Anden armering",$B17=""),"",IF(_xlfn.IFS( $B17="Tensar TriAx TX150",AND(P$5>=1,P$5<=4), $B17="Tensar TriAx TX160",AND(P$5>=3,P$5<=6), $B17="Tensar InterAx NX750",AND(P$5>=5,P$5<=6), $B17="Tensar InterAx NX850",AND(P$5>=5,P$5<=6), $B17="Tensar HX5.5",AND(P$5>=1,P$5<=5), $B17="Tensar SS30",AND(P$5>=3,P$5<=5), $B17="Tensar HX165",AND(P$5>=4,P$5<=6), OR($B17="GS-GRID B20/20",$B17="GS-GRID B20/20L"),AND(P$5>=1,P$5<=3), OR($B17="GS-GRID B30/30",$B17="GS-GRID B30/30L"),AND(P$5>=3,P$5<=5), OR($B17="GS-GRID SX160",$B17="E'GRID T6"),AND(P$5>=3,P$5<=6), OR($B17="GS-GRID B30/30XL",$B17="GS-GRID B40/40",$B17="GS-GRID B40/40L"),AND(P$5>=4,P$5<=6), OR($B17="GS-GRID SX170",$B17="E'GRID T7"),AND(P$5>=4,P$5<=6), $B17="E'GRID T9L",AND(P$5>=4,P$5<=6), TRUE,FALSE ),"x","") )} -> x | Q17: {=IF(OR($B17="Anden armering",$B17=""),"",IF(_xlfn.IFS( $B17="Tensar TriAx TX150",AND(Q$5>=1,Q$5<=4), $B17="Tensar TriAx TX160",AND(Q$5>=3,Q$5<=6), $B17="Tensar InterAx NX750",AND(Q$5>=5,Q$5<=6), $B17="Tensar InterAx NX850",AND(Q$5>=5,Q$5<=6), $B17="Tensar HX5.5",AND(Q$5>=1,Q$5<=5), $B17="Tensar SS30",AND(Q$5>=3,Q$5<=5), $B17="Tensar HX165",AND(Q$5>=4,Q$5<=6), OR($B17="GS-GRID B20/20",$B17="GS-GRID B20/20L"),AND(Q$5>=1,Q$5<=3), OR($B17="GS-GRID B30/30",$B17="GS-GRID B30/30L"),AND(Q$5>=3,Q$5<=5), OR($B17="GS-GRID SX160",$B17="E'GRID T6"),AND(Q$5>=3,Q$5<=6), OR($B17="GS-GRID B30/30XL",$B17="GS-GRID B40/40",$B17="GS-GRID B40/40L"),AND(Q$5>=4,Q$5<=6), OR($B17="GS-GRID SX170",$B17="E'GRID T7"),AND(Q$5>=4,Q$5<=6), $B17="E'GRID T9L",AND(Q$5>=4,Q$5<=6), TRUE,FALSE ),"x","") )} -> x
B18: GS-GRID B40/40 | C18: GS-GRID | D18: Biaxialt | E18: 0 | F18: 33×33 mm | G18: 64 | H18: 20 | I18: 3.95 | K18: 80 | L18: {=IF(OR($B18="Anden armering",$B18=""),"",IF(_xlfn.IFS( $B18="Tensar TriAx TX150",AND(L$5>=1,L$5<=4), $B18="Tensar TriAx TX160",AND(L$5>=3,L$5<=6), $B18="Tensar InterAx NX750",AND(L$5>=5,L$5<=6), $B18="Tensar InterAx NX850",AND(L$5>=5,L$5<=6), $B18="Tensar HX5.5",AND(L$5>=1,L$5<=5), $B18="Tensar SS30",AND(L$5>=3,L$5<=5), $B18="Tensar HX165",AND(L$5>=4,L$5<=6), OR($B18="GS-GRID B20/20",$B18="GS-GRID B20/20L"),AND(L$5>=1,L$5<=3), OR($B18="GS-GRID B30/30",$B18="GS-GRID B30/30L"),AND(L$5>=3,L$5<=5), OR($B18="GS-GRID SX160",$B18="E'GRID T6"),AND(L$5>=3,L$5<=6), OR($B18="GS-GRID B30/30XL",$B18="GS-GRID B40/40",$B18="GS-GRID B40/40L"),AND(L$5>=4,L$5<=6), OR($B18="GS-GRID SX170",$B18="E'GRID T7"),AND(L$5>=4,L$5<=6), $B18="E'GRID T9L",AND(L$5>=4,L$5<=6), TRUE,FALSE ),"x","") )} | M18: {=IF(OR($B18="Anden armering",$B18=""),"",IF(_xlfn.IFS( $B18="Tensar TriAx TX150",AND(M$5>=1,M$5<=4), $B18="Tensar TriAx TX160",AND(M$5>=3,M$5<=6), $B18="Tensar InterAx NX750",AND(M$5>=5,M$5<=6), $B18="Tensar InterAx NX850",AND(M$5>=5,M$5<=6), $B18="Tensar HX5.5",AND(M$5>=1,M$5<=5), $B18="Tensar SS30",AND(M$5>=3,M$5<=5), $B18="Tensar HX165",AND(M$5>=4,M$5<=6), OR($B18="GS-GRID B20/20",$B18="GS-GRID B20/20L"),AND(M$5>=1,M$5<=3), OR($B18="GS-GRID B30/30",$B18="GS-GRID B30/30L"),AND(M$5>=3,M$5<=5), OR($B18="GS-GRID SX160",$B18="E'GRID T6"),AND(M$5>=3,M$5<=6), OR($B18="GS-GRID B30/30XL",$B18="GS-GRID B40/40",$B18="GS-GRID B40/40L"),AND(M$5>=4,M$5<=6), OR($B18="GS-GRID SX170",$B18="E'GRID T7"),AND(M$5>=4,M$5<=6), $B18="E'GRID T9L",AND(M$5>=4,M$5<=6), TRUE,FALSE ),"x","") )} | N18: {=IF(OR($B18="Anden armering",$B18=""),"",IF(_xlfn.IFS( $B18="Tensar TriAx TX150",AND(N$5>=1,N$5<=4), $B18="Tensar TriAx TX160",AND(N$5>=3,N$5<=6), $B18="Tensar InterAx NX750",AND(N$5>=5,N$5<=6), $B18="Tensar InterAx NX850",AND(N$5>=5,N$5<=6), $B18="Tensar HX5.5",AND(N$5>=1,N$5<=5), $B18="Tensar SS30",AND(N$5>=3,N$5<=5), $B18="Tensar HX165",AND(N$5>=4,N$5<=6), OR($B18="GS-GRID B20/20",$B18="GS-GRID B20/20L"),AND(N$5>=1,N$5<=3), OR($B18="GS-GRID B30/30",$B18="GS-GRID B30/30L"),AND(N$5>=3,N$5<=5), OR($B18="GS-GRID SX160",$B18="E'GRID T6"),AND(N$5>=3,N$5<=6), OR($B18="GS-GRID B30/30XL",$B18="GS-GRID B40/40",$B18="GS-GRID B40/40L"),AND(N$5>=4,N$5<=6), OR($B18="GS-GRID SX170",$B18="E'GRID T7"),AND(N$5>=4,N$5<=6), $B18="E'GRID T9L",AND(N$5>=4,N$5<=6), TRUE,FALSE ),"x","") )} | O18: {=IF(OR($B18="Anden armering",$B18=""),"",IF(_xlfn.IFS( $B18="Tensar TriAx TX150",AND(O$5>=1,O$5<=4), $B18="Tensar TriAx TX160",AND(O$5>=3,O$5<=6), $B18="Tensar InterAx NX750",AND(O$5>=5,O$5<=6), $B18="Tensar InterAx NX850",AND(O$5>=5,O$5<=6), $B18="Tensar HX5.5",AND(O$5>=1,O$5<=5), $B18="Tensar SS30",AND(O$5>=3,O$5<=5), $B18="Tensar HX165",AND(O$5>=4,O$5<=6), OR($B18="GS-GRID B20/20",$B18="GS-GRID B20/20L"),AND(O$5>=1,O$5<=3), OR($B18="GS-GRID B30/30",$B18="GS-GRID B30/30L"),AND(O$5>=3,O$5<=5), OR($B18="GS-GRID SX160",$B18="E'GRID T6"),AND(O$5>=3,O$5<=6), OR($B18="GS-GRID B30/30XL",$B18="GS-GRID B40/40",$B18="GS-GRID B40/40L"),AND(O$5>=4,O$5<=6), OR($B18="GS-GRID SX170",$B18="E'GRID T7"),AND(O$5>=4,O$5<=6), $B18="E'GRID T9L",AND(O$5>=4,O$5<=6), TRUE,FALSE ),"x","") )} -> x | P18: {=IF(OR($B18="Anden armering",$B18=""),"",IF(_xlfn.IFS( $B18="Tensar TriAx TX150",AND(P$5>=1,P$5<=4), $B18="Tensar TriAx TX160",AND(P$5>=3,P$5<=6), $B18="Tensar InterAx NX750",AND(P$5>=5,P$5<=6), $B18="Tensar InterAx NX850",AND(P$5>=5,P$5<=6), $B18="Tensar HX5.5",AND(P$5>=1,P$5<=5), $B18="Tensar SS30",AND(P$5>=3,P$5<=5), $B18="Tensar HX165",AND(P$5>=4,P$5<=6), OR($B18="GS-GRID B20/20",$B18="GS-GRID B20/20L"),AND(P$5>=1,P$5<=3), OR($B18="GS-GRID B30/30",$B18="GS-GRID B30/30L"),AND(P$5>=3,P$5<=5), OR($B18="GS-GRID SX160",$B18="E'GRID T6"),AND(P$5>=3,P$5<=6), OR($B18="GS-GRID B30/30XL",$B18="GS-GRID B40/40",$B18="GS-GRID B40/40L"),AND(P$5>=4,P$5<=6), OR($B18="GS-GRID SX170",$B18="E'GRID T7"),AND(P$5>=4,P$5<=6), $B18="E'GRID T9L",AND(P$5>=4,P$5<=6), TRUE,FALSE ),"x","") )} -> x | Q18: {=IF(OR($B18="Anden armering",$B18=""),"",IF(_xlfn.IFS( $B18="Tensar TriAx TX150",AND(Q$5>=1,Q$5<=4), $B18="Tensar TriAx TX160",AND(Q$5>=3,Q$5<=6), $B18="Tensar InterAx NX750",AND(Q$5>=5,Q$5<=6), $B18="Tensar InterAx NX850",AND(Q$5>=5,Q$5<=6), $B18="Tensar HX5.5",AND(Q$5>=1,Q$5<=5), $B18="Tensar SS30",AND(Q$5>=3,Q$5<=5), $B18="Tensar HX165",AND(Q$5>=4,Q$5<=6), OR($B18="GS-GRID B20/20",$B18="GS-GRID B20/20L"),AND(Q$5>=1,Q$5<=3), OR($B18="GS-GRID B30/30",$B18="GS-GRID B30/30L"),AND(Q$5>=3,Q$5<=5), OR($B18="GS-GRID SX160",$B18="E'GRID T6"),AND(Q$5>=3,Q$5<=6), OR($B18="GS-GRID B30/30XL",$B18="GS-GRID B40/40",$B18="GS-GRID B40/40L"),AND(Q$5>=4,Q$5<=6), OR($B18="GS-GRID SX170",$B18="E'GRID T7"),AND(Q$5>=4,Q$5<=6), $B18="E'GRID T9L",AND(Q$5>=4,Q$5<=6), TRUE,FALSE ),"x","") )} -> x
B19: GS-GRID B40/40L | C19: GS-GRID | D19: Biaxialt | E19: 0 | F19: 57×57 mm | G19: 120 | H19: 40 | I19: 3.95 | K19: 150 | L19: {=IF(OR($B19="Anden armering",$B19=""),"",IF(_xlfn.IFS( $B19="Tensar TriAx TX150",AND(L$5>=1,L$5<=4), $B19="Tensar TriAx TX160",AND(L$5>=3,L$5<=6), $B19="Tensar InterAx NX750",AND(L$5>=5,L$5<=6), $B19="Tensar InterAx NX850",AND(L$5>=5,L$5<=6), $B19="Tensar HX5.5",AND(L$5>=1,L$5<=5), $B19="Tensar SS30",AND(L$5>=3,L$5<=5), $B19="Tensar HX165",AND(L$5>=4,L$5<=6), OR($B19="GS-GRID B20/20",$B19="GS-GRID B20/20L"),AND(L$5>=1,L$5<=3), OR($B19="GS-GRID B30/30",$B19="GS-GRID B30/30L"),AND(L$5>=3,L$5<=5), OR($B19="GS-GRID SX160",$B19="E'GRID T6"),AND(L$5>=3,L$5<=6), OR($B19="GS-GRID B30/30XL",$B19="GS-GRID B40/40",$B19="GS-GRID B40/40L"),AND(L$5>=4,L$5<=6), OR($B19="GS-GRID SX170",$B19="E'GRID T7"),AND(L$5>=4,L$5<=6), $B19="E'GRID T9L",AND(L$5>=4,L$5<=6), TRUE,FALSE ),"x","") )} | M19: {=IF(OR($B19="Anden armering",$B19=""),"",IF(_xlfn.IFS( $B19="Tensar TriAx TX150",AND(M$5>=1,M$5<=4), $B19="Tensar TriAx TX160",AND(M$5>=3,M$5<=6), $B19="Tensar InterAx NX750",AND(M$5>=5,M$5<=6), $B19="Tensar InterAx NX850",AND(M$5>=5,M$5<=6), $B19="Tensar HX5.5",AND(M$5>=1,M$5<=5), $B19="Tensar SS30",AND(M$5>=3,M$5<=5), $B19="Tensar HX165",AND(M$5>=4,M$5<=6), OR($B19="GS-GRID B20/20",$B19="GS-GRID B20/20L"),AND(M$5>=1,M$5<=3), OR($B19="GS-GRID B30/30",$B19="GS-GRID B30/30L"),AND(M$5>=3,M$5<=5), OR($B19="GS-GRID SX160",$B19="E'GRID T6"),AND(M$5>=3,M$5<=6), OR($B19="GS-GRID B30/30XL",$B19="GS-GRID B40/40",$B19="GS-GRID B40/40L"),AND(M$5>=4,M$5<=6), OR($B19="GS-GRID SX170",$B19="E'GRID T7"),AND(M$5>=4,M$5<=6), $B19="E'GRID T9L",AND(M$5>=4,M$5<=6), TRUE,FALSE ),"x","") )} | N19: {=IF(OR($B19="Anden armering",$B19=""),"",IF(_xlfn.IFS( $B19="Tensar TriAx TX150",AND(N$5>=1,N$5<=4), $B19="Tensar TriAx TX160",AND(N$5>=3,N$5<=6), $B19="Tensar InterAx NX750",AND(N$5>=5,N$5<=6), $B19="Tensar InterAx NX850",AND(N$5>=5,N$5<=6), $B19="Tensar HX5.5",AND(N$5>=1,N$5<=5), $B19="Tensar SS30",AND(N$5>=3,N$5<=5), $B19="Tensar HX165",AND(N$5>=4,N$5<=6), OR($B19="GS-GRID B20/20",$B19="GS-GRID B20/20L"),AND(N$5>=1,N$5<=3), OR($B19="GS-GRID B30/30",$B19="GS-GRID B30/30L"),AND(N$5>=3,N$5<=5), OR($B19="GS-GRID SX160",$B19="E'GRID T6"),AND(N$5>=3,N$5<=6), OR($B19="GS-GRID B30/30XL",$B19="GS-GRID B40/40",$B19="GS-GRID B40/40L"),AND(N$5>=4,N$5<=6), OR($B19="GS-GRID SX170",$B19="E'GRID T7"),AND(N$5>=4,N$5<=6), $B19="E'GRID T9L",AND(N$5>=4,N$5<=6), TRUE,FALSE ),"x","") )} | O19: {=IF(OR($B19="Anden armering",$B19=""),"",IF(_xlfn.IFS( $B19="Tensar TriAx TX150",AND(O$5>=1,O$5<=4), $B19="Tensar TriAx TX160",AND(O$5>=3,O$5<=6), $B19="Tensar InterAx NX750",AND(O$5>=5,O$5<=6), $B19="Tensar InterAx NX850",AND(O$5>=5,O$5<=6), $B19="Tensar HX5.5",AND(O$5>=1,O$5<=5), $B19="Tensar SS30",AND(O$5>=3,O$5<=5), $B19="Tensar HX165",AND(O$5>=4,O$5<=6), OR($B19="GS-GRID B20/20",$B19="GS-GRID B20/20L"),AND(O$5>=1,O$5<=3), OR($B19="GS-GRID B30/30",$B19="GS-GRID B30/30L"),AND(O$5>=3,O$5<=5), OR($B19="GS-GRID SX160",$B19="E'GRID T6"),AND(O$5>=3,O$5<=6), OR($B19="GS-GRID B30/30XL",$B19="GS-GRID B40/40",$B19="GS-GRID B40/40L"),AND(O$5>=4,O$5<=6), OR($B19="GS-GRID SX170",$B19="E'GRID T7"),AND(O$5>=4,O$5<=6), $B19="E'GRID T9L",AND(O$5>=4,O$5<=6), TRUE,FALSE ),"x","") )} -> x | P19: {=IF(OR($B19="Anden armering",$B19=""),"",IF(_xlfn.IFS( $B19="Tensar TriAx TX150",AND(P$5>=1,P$5<=4), $B19="Tensar TriAx TX160",AND(P$5>=3,P$5<=6), $B19="Tensar InterAx NX750",AND(P$5>=5,P$5<=6), $B19="Tensar InterAx NX850",AND(P$5>=5,P$5<=6), $B19="Tensar HX5.5",AND(P$5>=1,P$5<=5), $B19="Tensar SS30",AND(P$5>=3,P$5<=5), $B19="Tensar HX165",AND(P$5>=4,P$5<=6), OR($B19="GS-GRID B20/20",$B19="GS-GRID B20/20L"),AND(P$5>=1,P$5<=3), OR($B19="GS-GRID B30/30",$B19="GS-GRID B30/30L"),AND(P$5>=3,P$5<=5), OR($B19="GS-GRID SX160",$B19="E'GRID T6"),AND(P$5>=3,P$5<=6), OR($B19="GS-GRID B30/30XL",$B19="GS-GRID B40/40",$B19="GS-GRID B40/40L"),AND(P$5>=4,P$5<=6), OR($B19="GS-GRID SX170",$B19="E'GRID T7"),AND(P$5>=4,P$5<=6), $B19="E'GRID T9L",AND(P$5>=4,P$5<=6), TRUE,FALSE ),"x","") )} -> x | Q19: {=IF(OR($B19="Anden armering",$B19=""),"",IF(_xlfn.IFS( $B19="Tensar TriAx TX150",AND(Q$5>=1,Q$5<=4), $B19="Tensar TriAx TX160",AND(Q$5>=3,Q$5<=6), $B19="Tensar InterAx NX750",AND(Q$5>=5,Q$5<=6), $B19="Tensar InterAx NX850",AND(Q$5>=5,Q$5<=6), $B19="Tensar HX5.5",AND(Q$5>=1,Q$5<=5), $B19="Tensar SS30",AND(Q$5>=3,Q$5<=5), $B19="Tensar HX165",AND(Q$5>=4,Q$5<=6), OR($B19="GS-GRID B20/20",$B19="GS-GRID B20/20L"),AND(Q$5>=1,Q$5<=3), OR($B19="GS-GRID B30/30",$B19="GS-GRID B30/30L"),AND(Q$5>=3,Q$5<=5), OR($B19="GS-GRID SX160",$B19="E'GRID T6"),AND(Q$5>=3,Q$5<=6), OR($B19="GS-GRID B30/30XL",$B19="GS-GRID B40/40",$B19="GS-GRID B40/40L"),AND(Q$5>=4,Q$5<=6), OR($B19="GS-GRID SX170",$B19="E'GRID T7"),AND(Q$5>=4,Q$5<=6), $B19="E'GRID T9L",AND(Q$5>=4,Q$5<=6), TRUE,FALSE ),"x","") )} -> x
B20: GS-GRID SX160 | C20: GS-GRID | D20: Hexagonalt | E20: 0 | F20: pitch 80 mm | G20: 80 | H20: 20 | I20: 3.95 | J20: REFERENCE | K20: 80 | L20: {=IF(OR($B20="Anden armering",$B20=""),"",IF(_xlfn.IFS( $B20="Tensar TriAx TX150",AND(L$5>=1,L$5<=4), $B20="Tensar TriAx TX160",AND(L$5>=3,L$5<=6), $B20="Tensar InterAx NX750",AND(L$5>=5,L$5<=6), $B20="Tensar InterAx NX850",AND(L$5>=5,L$5<=6), $B20="Tensar HX5.5",AND(L$5>=1,L$5<=5), $B20="Tensar SS30",AND(L$5>=3,L$5<=5), $B20="Tensar HX165",AND(L$5>=4,L$5<=6), OR($B20="GS-GRID B20/20",$B20="GS-GRID B20/20L"),AND(L$5>=1,L$5<=3), OR($B20="GS-GRID B30/30",$B20="GS-GRID B30/30L"),AND(L$5>=3,L$5<=5), OR($B20="GS-GRID SX160",$B20="E'GRID T6"),AND(L$5>=3,L$5<=6), OR($B20="GS-GRID B30/30XL",$B20="GS-GRID B40/40",$B20="GS-GRID B40/40L"),AND(L$5>=4,L$5<=6), OR($B20="GS-GRID SX170",$B20="E'GRID T7"),AND(L$5>=4,L$5<=6), $B20="E'GRID T9L",AND(L$5>=4,L$5<=6), TRUE,FALSE ),"x","") )} | M20: {=IF(OR($B20="Anden armering",$B20=""),"",IF(_xlfn.IFS( $B20="Tensar TriAx TX150",AND(M$5>=1,M$5<=4), $B20="Tensar TriAx TX160",AND(M$5>=3,M$5<=6), $B20="Tensar InterAx NX750",AND(M$5>=5,M$5<=6), $B20="Tensar InterAx NX850",AND(M$5>=5,M$5<=6), $B20="Tensar HX5.5",AND(M$5>=1,M$5<=5), $B20="Tensar SS30",AND(M$5>=3,M$5<=5), $B20="Tensar HX165",AND(M$5>=4,M$5<=6), OR($B20="GS-GRID B20/20",$B20="GS-GRID B20/20L"),AND(M$5>=1,M$5<=3), OR($B20="GS-GRID B30/30",$B20="GS-GRID B30/30L"),AND(M$5>=3,M$5<=5), OR($B20="GS-GRID SX160",$B20="E'GRID T6"),AND(M$5>=3,M$5<=6), OR($B20="GS-GRID B30/30XL",$B20="GS-GRID B40/40",$B20="GS-GRID B40/40L"),AND(M$5>=4,M$5<=6), OR($B20="GS-GRID SX170",$B20="E'GRID T7"),AND(M$5>=4,M$5<=6), $B20="E'GRID T9L",AND(M$5>=4,M$5<=6), TRUE,FALSE ),"x","") )} | N20: {=IF(OR($B20="Anden armering",$B20=""),"",IF(_xlfn.IFS( $B20="Tensar TriAx TX150",AND(N$5>=1,N$5<=4), $B20="Tensar TriAx TX160",AND(N$5>=3,N$5<=6), $B20="Tensar InterAx NX750",AND(N$5>=5,N$5<=6), $B20="Tensar InterAx NX850",AND(N$5>=5,N$5<=6), $B20="Tensar HX5.5",AND(N$5>=1,N$5<=5), $B20="Tensar SS30",AND(N$5>=3,N$5<=5), $B20="Tensar HX165",AND(N$5>=4,N$5<=6), OR($B20="GS-GRID B20/20",$B20="GS-GRID B20/20L"),AND(N$5>=1,N$5<=3), OR($B20="GS-GRID B30/30",$B20="GS-GRID B30/30L"),AND(N$5>=3,N$5<=5), OR($B20="GS-GRID SX160",$B20="E'GRID T6"),AND(N$5>=3,N$5<=6), OR($B20="GS-GRID B30/30XL",$B20="GS-GRID B40/40",$B20="GS-GRID B40/40L"),AND(N$5>=4,N$5<=6), OR($B20="GS-GRID SX170",$B20="E'GRID T7"),AND(N$5>=4,N$5<=6), $B20="E'GRID T9L",AND(N$5>=4,N$5<=6), TRUE,FALSE ),"x","") )} -> x | O20: {=IF(OR($B20="Anden armering",$B20=""),"",IF(_xlfn.IFS( $B20="Tensar TriAx TX150",AND(O$5>=1,O$5<=4), $B20="Tensar TriAx TX160",AND(O$5>=3,O$5<=6), $B20="Tensar InterAx NX750",AND(O$5>=5,O$5<=6), $B20="Tensar InterAx NX850",AND(O$5>=5,O$5<=6), $B20="Tensar HX5.5",AND(O$5>=1,O$5<=5), $B20="Tensar SS30",AND(O$5>=3,O$5<=5), $B20="Tensar HX165",AND(O$5>=4,O$5<=6), OR($B20="GS-GRID B20/20",$B20="GS-GRID B20/20L"),AND(O$5>=1,O$5<=3), OR($B20="GS-GRID B30/30",$B20="GS-GRID B30/30L"),AND(O$5>=3,O$5<=5), OR($B20="GS-GRID SX160",$B20="E'GRID T6"),AND(O$5>=3,O$5<=6), OR($B20="GS-GRID B30/30XL",$B20="GS-GRID B40/40",$B20="GS-GRID B40/40L"),AND(O$5>=4,O$5<=6), OR($B20="GS-GRID SX170",$B20="E'GRID T7"),AND(O$5>=4,O$5<=6), $B20="E'GRID T9L",AND(O$5>=4,O$5<=6), TRUE,FALSE ),"x","") )} -> x | P20: {=IF(OR($B20="Anden armering",$B20=""),"",IF(_xlfn.IFS( $B20="Tensar TriAx TX150",AND(P$5>=1,P$5<=4), $B20="Tensar TriAx TX160",AND(P$5>=3,P$5<=6), $B20="Tensar InterAx NX750",AND(P$5>=5,P$5<=6), $B20="Tensar InterAx NX850",AND(P$5>=5,P$5<=6), $B20="Tensar HX5.5",AND(P$5>=1,P$5<=5), $B20="Tensar SS30",AND(P$5>=3,P$5<=5), $B20="Tensar HX165",AND(P$5>=4,P$5<=6), OR($B20="GS-GRID B20/20",$B20="GS-GRID B20/20L"),AND(P$5>=1,P$5<=3), OR($B20="GS-GRID B30/30",$B20="GS-GRID B30/30L"),AND(P$5>=3,P$5<=5), OR($B20="GS-GRID SX160",$B20="E'GRID T6"),AND(P$5>=3,P$5<=6), OR($B20="GS-GRID B30/30XL",$B20="GS-GRID B40/40",$B20="GS-GRID B40/40L"),AND(P$5>=4,P$5<=6), OR($B20="GS-GRID SX170",$B20="E'GRID T7"),AND(P$5>=4,P$5<=6), $B20="E'GRID T9L",AND(P$5>=4,P$5<=6), TRUE,FALSE ),"x","") )} -> x | Q20: {=IF(OR($B20="Anden armering",$B20=""),"",IF(_xlfn.IFS( $B20="Tensar TriAx TX150",AND(Q$5>=1,Q$5<=4), $B20="Tensar TriAx TX160",AND(Q$5>=3,Q$5<=6), $B20="Tensar InterAx NX750",AND(Q$5>=5,Q$5<=6), $B20="Tensar InterAx NX850",AND(Q$5>=5,Q$5<=6), $B20="Tensar HX5.5",AND(Q$5>=1,Q$5<=5), $B20="Tensar SS30",AND(Q$5>=3,Q$5<=5), $B20="Tensar HX165",AND(Q$5>=4,Q$5<=6), OR($B20="GS-GRID B20/20",$B20="GS-GRID B20/20L"),AND(Q$5>=1,Q$5<=3), OR($B20="GS-GRID B30/30",$B20="GS-GRID B30/30L"),AND(Q$5>=3,Q$5<=5), OR($B20="GS-GRID SX160",$B20="E'GRID T6"),AND(Q$5>=3,Q$5<=6), OR($B20="GS-GRID B30/30XL",$B20="GS-GRID B40/40",$B20="GS-GRID B40/40L"),AND(Q$5>=4,Q$5<=6), OR($B20="GS-GRID SX170",$B20="E'GRID T7"),AND(Q$5>=4,Q$5<=6), $B20="E'GRID T9L",AND(Q$5>=4,Q$5<=6), TRUE,FALSE ),"x","") )} -> x
B21: GS-GRID SX170 | C21: GS-GRID | D21: Hexagonalt | E21: -0.1 | F21: pitch 80 mm | G21: 150 | H21: 20 | I21: 3.95 | K21: Ej oplyst | L21: {=IF(OR($B21="Anden armering",$B21=""),"",IF(_xlfn.IFS( $B21="Tensar TriAx TX150",AND(L$5>=1,L$5<=4), $B21="Tensar TriAx TX160",AND(L$5>=3,L$5<=6), $B21="Tensar InterAx NX750",AND(L$5>=5,L$5<=6), $B21="Tensar InterAx NX850",AND(L$5>=5,L$5<=6), $B21="Tensar HX5.5",AND(L$5>=1,L$5<=5), $B21="Tensar SS30",AND(L$5>=3,L$5<=5), $B21="Tensar HX165",AND(L$5>=4,L$5<=6), OR($B21="GS-GRID B20/20",$B21="GS-GRID B20/20L"),AND(L$5>=1,L$5<=3), OR($B21="GS-GRID B30/30",$B21="GS-GRID B30/30L"),AND(L$5>=3,L$5<=5), OR($B21="GS-GRID SX160",$B21="E'GRID T6"),AND(L$5>=3,L$5<=6), OR($B21="GS-GRID B30/30XL",$B21="GS-GRID B40/40",$B21="GS-GRID B40/40L"),AND(L$5>=4,L$5<=6), OR($B21="GS-GRID SX170",$B21="E'GRID T7"),AND(L$5>=4,L$5<=6), $B21="E'GRID T9L",AND(L$5>=4,L$5<=6), TRUE,FALSE ),"x","") )} | M21: {=IF(OR($B21="Anden armering",$B21=""),"",IF(_xlfn.IFS( $B21="Tensar TriAx TX150",AND(M$5>=1,M$5<=4), $B21="Tensar TriAx TX160",AND(M$5>=3,M$5<=6), $B21="Tensar InterAx NX750",AND(M$5>=5,M$5<=6), $B21="Tensar InterAx NX850",AND(M$5>=5,M$5<=6), $B21="Tensar HX5.5",AND(M$5>=1,M$5<=5), $B21="Tensar SS30",AND(M$5>=3,M$5<=5), $B21="Tensar HX165",AND(M$5>=4,M$5<=6), OR($B21="GS-GRID B20/20",$B21="GS-GRID B20/20L"),AND(M$5>=1,M$5<=3), OR($B21="GS-GRID B30/30",$B21="GS-GRID B30/30L"),AND(M$5>=3,M$5<=5), OR($B21="GS-GRID SX160",$B21="E'GRID T6"),AND(M$5>=3,M$5<=6), OR($B21="GS-GRID B30/30XL",$B21="GS-GRID B40/40",$B21="GS-GRID B40/40L"),AND(M$5>=4,M$5<=6), OR($B21="GS-GRID SX170",$B21="E'GRID T7"),AND(M$5>=4,M$5<=6), $B21="E'GRID T9L",AND(M$5>=4,M$5<=6), TRUE,FALSE ),"x","") )} | N21: {=IF(OR($B21="Anden armering",$B21=""),"",IF(_xlfn.IFS( $B21="Tensar TriAx TX150",AND(N$5>=1,N$5<=4), $B21="Tensar TriAx TX160",AND(N$5>=3,N$5<=6), $B21="Tensar InterAx NX750",AND(N$5>=5,N$5<=6), $B21="Tensar InterAx NX850",AND(N$5>=5,N$5<=6), $B21="Tensar HX5.5",AND(N$5>=1,N$5<=5), $B21="Tensar SS30",AND(N$5>=3,N$5<=5), $B21="Tensar HX165",AND(N$5>=4,N$5<=6), OR($B21="GS-GRID B20/20",$B21="GS-GRID B20/20L"),AND(N$5>=1,N$5<=3), OR($B21="GS-GRID B30/30",$B21="GS-GRID B30/30L"),AND(N$5>=3,N$5<=5), OR($B21="GS-GRID SX160",$B21="E'GRID T6"),AND(N$5>=3,N$5<=6), OR($B21="GS-GRID B30/30XL",$B21="GS-GRID B40/40",$B21="GS-GRID B40/40L"),AND(N$5>=4,N$5<=6), OR($B21="GS-GRID SX170",$B21="E'GRID T7"),AND(N$5>=4,N$5<=6), $B21="E'GRID T9L",AND(N$5>=4,N$5<=6), TRUE,FALSE ),"x","") )} | O21: {=IF(OR($B21="Anden armering",$B21=""),"",IF(_xlfn.IFS( $B21="Tensar TriAx TX150",AND(O$5>=1,O$5<=4), $B21="Tensar TriAx TX160",AND(O$5>=3,O$5<=6), $B21="Tensar InterAx NX750",AND(O$5>=5,O$5<=6), $B21="Tensar InterAx NX850",AND(O$5>=5,O$5<=6), $B21="Tensar HX5.5",AND(O$5>=1,O$5<=5), $B21="Tensar SS30",AND(O$5>=3,O$5<=5), $B21="Tensar HX165",AND(O$5>=4,O$5<=6), OR($B21="GS-GRID B20/20",$B21="GS-GRID B20/20L"),AND(O$5>=1,O$5<=3), OR($B21="GS-GRID B30/30",$B21="GS-GRID B30/30L"),AND(O$5>=3,O$5<=5), OR($B21="GS-GRID SX160",$B21="E'GRID T6"),AND(O$5>=3,O$5<=6), OR($B21="GS-GRID B30/30XL",$B21="GS-GRID B40/40",$B21="GS-GRID B40/40L"),AND(O$5>=4,O$5<=6), OR($B21="GS-GRID SX170",$B21="E'GRID T7"),AND(O$5>=4,O$5<=6), $B21="E'GRID T9L",AND(O$5>=4,O$5<=6), TRUE,FALSE ),"x","") )} -> x | P21: {=IF(OR($B21="Anden armering",$B21=""),"",IF(_xlfn.IFS( $B21="Tensar TriAx TX150",AND(P$5>=1,P$5<=4), $B21="Tensar TriAx TX160",AND(P$5>=3,P$5<=6), $B21="Tensar InterAx NX750",AND(P$5>=5,P$5<=6), $B21="Tensar InterAx NX850",AND(P$5>=5,P$5<=6), $B21="Tensar HX5.5",AND(P$5>=1,P$5<=5), $B21="Tensar SS30",AND(P$5>=3,P$5<=5), $B21="Tensar HX165",AND(P$5>=4,P$5<=6), OR($B21="GS-GRID B20/20",$B21="GS-GRID B20/20L"),AND(P$5>=1,P$5<=3), OR($B21="GS-GRID B30/30",$B21="GS-GRID B30/30L"),AND(P$5>=3,P$5<=5), OR($B21="GS-GRID SX160",$B21="E'GRID T6"),AND(P$5>=3,P$5<=6), OR($B21="GS-GRID B30/30XL",$B21="GS-GRID B40/40",$B21="GS-GRID B40/40L"),AND(P$5>=4,P$5<=6), OR($B21="GS-GRID SX170",$B21="E'GRID T7"),AND(P$5>=4,P$5<=6), $B21="E'GRID T9L",AND(P$5>=4,P$5<=6), TRUE,FALSE ),"x","") )} -> x | Q21: {=IF(OR($B21="Anden armering",$B21=""),"",IF(_xlfn.IFS( $B21="Tensar TriAx TX150",AND(Q$5>=1,Q$5<=4), $B21="Tensar TriAx TX160",AND(Q$5>=3,Q$5<=6), $B21="Tensar InterAx NX750",AND(Q$5>=5,Q$5<=6), $B21="Tensar InterAx NX850",AND(Q$5>=5,Q$5<=6), $B21="Tensar HX5.5",AND(Q$5>=1,Q$5<=5), $B21="Tensar SS30",AND(Q$5>=3,Q$5<=5), $B21="Tensar HX165",AND(Q$5>=4,Q$5<=6), OR($B21="GS-GRID B20/20",$B21="GS-GRID B20/20L"),AND(Q$5>=1,Q$5<=3), OR($B21="GS-GRID B30/30",$B21="GS-GRID B30/30L"),AND(Q$5>=3,Q$5<=5), OR($B21="GS-GRID SX160",$B21="E'GRID T6"),AND(Q$5>=3,Q$5<=6), OR($B21="GS-GRID B30/30XL",$B21="GS-GRID B40/40",$B21="GS-GRID B40/40L"),AND(Q$5>=4,Q$5<=6), OR($B21="GS-GRID SX170",$B21="E'GRID T7"),AND(Q$5>=4,Q$5<=6), $B21="E'GRID T9L",AND(Q$5>=4,Q$5<=6), TRUE,FALSE ),"x","") )} -> x
B22: E'GRID T6 | C22: E'GRID | D22: Hexagonalt | E22: 0 | F22: pitch 80 mm | G22: 80 | H22: 20 | I22: 3.9 | J22: Alternativ til SX160 | K22: 80 | L22: {=IF(OR($B22="Anden armering",$B22=""),"",IF(_xlfn.IFS( $B22="Tensar TriAx TX150",AND(L$5>=1,L$5<=4), $B22="Tensar TriAx TX160",AND(L$5>=3,L$5<=6), $B22="Tensar InterAx NX750",AND(L$5>=5,L$5<=6), $B22="Tensar InterAx NX850",AND(L$5>=5,L$5<=6), $B22="Tensar HX5.5",AND(L$5>=1,L$5<=5), $B22="Tensar SS30",AND(L$5>=3,L$5<=5), $B22="Tensar HX165",AND(L$5>=4,L$5<=6), OR($B22="GS-GRID B20/20",$B22="GS-GRID B20/20L"),AND(L$5>=1,L$5<=3), OR($B22="GS-GRID B30/30",$B22="GS-GRID B30/30L"),AND(L$5>=3,L$5<=5), OR($B22="GS-GRID SX160",$B22="E'GRID T6"),AND(L$5>=3,L$5<=6), OR($B22="GS-GRID B30/30XL",$B22="GS-GRID B40/40",$B22="GS-GRID B40/40L"),AND(L$5>=4,L$5<=6), OR($B22="GS-GRID SX170",$B22="E'GRID T7"),AND(L$5>=4,L$5<=6), $B22="E'GRID T9L",AND(L$5>=4,L$5<=6), TRUE,FALSE ),"x","") )} | M22: {=IF(OR($B22="Anden armering",$B22=""),"",IF(_xlfn.IFS( $B22="Tensar TriAx TX150",AND(M$5>=1,M$5<=4), $B22="Tensar TriAx TX160",AND(M$5>=3,M$5<=6), $B22="Tensar InterAx NX750",AND(M$5>=5,M$5<=6), $B22="Tensar InterAx NX850",AND(M$5>=5,M$5<=6), $B22="Tensar HX5.5",AND(M$5>=1,M$5<=5), $B22="Tensar SS30",AND(M$5>=3,M$5<=5), $B22="Tensar HX165",AND(M$5>=4,M$5<=6), OR($B22="GS-GRID B20/20",$B22="GS-GRID B20/20L"),AND(M$5>=1,M$5<=3), OR($B22="GS-GRID B30/30",$B22="GS-GRID B30/30L"),AND(M$5>=3,M$5<=5), OR($B22="GS-GRID SX160",$B22="E'GRID T6"),AND(M$5>=3,M$5<=6), OR($B22="GS-GRID B30/30XL",$B22="GS-GRID B40/40",$B22="GS-GRID B40/40L"),AND(M$5>=4,M$5<=6), OR($B22="GS-GRID SX170",$B22="E'GRID T7"),AND(M$5>=4,M$5<=6), $B22="E'GRID T9L",AND(M$5>=4,M$5<=6), TRUE,FALSE ),"x","") )} | N22: {=IF(OR($B22="Anden armering",$B22=""),"",IF(_xlfn.IFS( $B22="Tensar TriAx TX150",AND(N$5>=1,N$5<=4), $B22="Tensar TriAx TX160",AND(N$5>=3,N$5<=6), $B22="Tensar InterAx NX750",AND(N$5>=5,N$5<=6), $B22="Tensar InterAx NX850",AND(N$5>=5,N$5<=6), $B22="Tensar HX5.5",AND(N$5>=1,N$5<=5), $B22="Tensar SS30",AND(N$5>=3,N$5<=5), $B22="Tensar HX165",AND(N$5>=4,N$5<=6), OR($B22="GS-GRID B20/20",$B22="GS-GRID B20/20L"),AND(N$5>=1,N$5<=3), OR($B22="GS-GRID B30/30",$B22="GS-GRID B30/30L"),AND(N$5>=3,N$5<=5), OR($B22="GS-GRID SX160",$B22="E'GRID T6"),AND(N$5>=3,N$5<=6), OR($B22="GS-GRID B30/30XL",$B22="GS-GRID B40/40",$B22="GS-GRID B40/40L"),AND(N$5>=4,N$5<=6), OR($B22="GS-GRID SX170",$B22="E'GRID T7"),AND(N$5>=4,N$5<=6), $B22="E'GRID T9L",AND(N$5>=4,N$5<=6), TRUE,FALSE ),"x","") )} -> x | O22: {=IF(OR($B22="Anden armering",$B22=""),"",IF(_xlfn.IFS( $B22="Tensar TriAx TX150",AND(O$5>=1,O$5<=4), $B22="Tensar TriAx TX160",AND(O$5>=3,O$5<=6), $B22="Tensar InterAx NX750",AND(O$5>=5,O$5<=6), $B22="Tensar InterAx NX850",AND(O$5>=5,O$5<=6), $B22="Tensar HX5.5",AND(O$5>=1,O$5<=5), $B22="Tensar SS30",AND(O$5>=3,O$5<=5), $B22="Tensar HX165",AND(O$5>=4,O$5<=6), OR($B22="GS-GRID B20/20",$B22="GS-GRID B20/20L"),AND(O$5>=1,O$5<=3), OR($B22="GS-GRID B30/30",$B22="GS-GRID B30/30L"),AND(O$5>=3,O$5<=5), OR($B22="GS-GRID SX160",$B22="E'GRID T6"),AND(O$5>=3,O$5<=6), OR($B22="GS-GRID B30/30XL",$B22="GS-GRID B40/40",$B22="GS-GRID B40/40L"),AND(O$5>=4,O$5<=6), OR($B22="GS-GRID SX170",$B22="E'GRID T7"),AND(O$5>=4,O$5<=6), $B22="E'GRID T9L",AND(O$5>=4,O$5<=6), TRUE,FALSE ),"x","") )} -> x | P22: {=IF(OR($B22="Anden armering",$B22=""),"",IF(_xlfn.IFS( $B22="Tensar TriAx TX150",AND(P$5>=1,P$5<=4), $B22="Tensar TriAx TX160",AND(P$5>=3,P$5<=6), $B22="Tensar InterAx NX750",AND(P$5>=5,P$5<=6), $B22="Tensar InterAx NX850",AND(P$5>=5,P$5<=6), $B22="Tensar HX5.5",AND(P$5>=1,P$5<=5), $B22="Tensar SS30",AND(P$5>=3,P$5<=5), $B22="Tensar HX165",AND(P$5>=4,P$5<=6), OR($B22="GS-GRID B20/20",$B22="GS-GRID B20/20L"),AND(P$5>=1,P$5<=3), OR($B22="GS-GRID B30/30",$B22="GS-GRID B30/30L"),AND(P$5>=3,P$5<=5), OR($B22="GS-GRID SX160",$B22="E'GRID T6"),AND(P$5>=3,P$5<=6), OR($B22="GS-GRID B30/30XL",$B22="GS-GRID B40/40",$B22="GS-GRID B40/40L"),AND(P$5>=4,P$5<=6), OR($B22="GS-GRID SX170",$B22="E'GRID T7"),AND(P$5>=4,P$5<=6), $B22="E'GRID T9L",AND(P$5>=4,P$5<=6), TRUE,FALSE ),"x","") )} -> x | Q22: {=IF(OR($B22="Anden armering",$B22=""),"",IF(_xlfn.IFS( $B22="Tensar TriAx TX150",AND(Q$5>=1,Q$5<=4), $B22="Tensar TriAx TX160",AND(Q$5>=3,Q$5<=6), $B22="Tensar InterAx NX750",AND(Q$5>=5,Q$5<=6), $B22="Tensar InterAx NX850",AND(Q$5>=5,Q$5<=6), $B22="Tensar HX5.5",AND(Q$5>=1,Q$5<=5), $B22="Tensar SS30",AND(Q$5>=3,Q$5<=5), $B22="Tensar HX165",AND(Q$5>=4,Q$5<=6), OR($B22="GS-GRID B20/20",$B22="GS-GRID B20/20L"),AND(Q$5>=1,Q$5<=3), OR($B22="GS-GRID B30/30",$B22="GS-GRID B30/30L"),AND(Q$5>=3,Q$5<=5), OR($B22="GS-GRID SX160",$B22="E'GRID T6"),AND(Q$5>=3,Q$5<=6), OR($B22="GS-GRID B30/30XL",$B22="GS-GRID B40/40",$B22="GS-GRID B40/40L"),AND(Q$5>=4,Q$5<=6), OR($B22="GS-GRID SX170",$B22="E'GRID T7"),AND(Q$5>=4,Q$5<=6), $B22="E'GRID T9L",AND(Q$5>=4,Q$5<=6), TRUE,FALSE ),"x","") )} -> x
B23: E'GRID T7 | C23: E'GRID | D23: Hexagonalt | E23: -0.1 | F23: pitch 80 mm | G23: 80 | H23: 20 | I23: 3.9 | J23: Alternativ til SX170 | K23: Ej oplyst | L23: {=IF(OR($B23="Anden armering",$B23=""),"",IF(_xlfn.IFS( $B23="Tensar TriAx TX150",AND(L$5>=1,L$5<=4), $B23="Tensar TriAx TX160",AND(L$5>=3,L$5<=6), $B23="Tensar InterAx NX750",AND(L$5>=5,L$5<=6), $B23="Tensar InterAx NX850",AND(L$5>=5,L$5<=6), $B23="Tensar HX5.5",AND(L$5>=1,L$5<=5), $B23="Tensar SS30",AND(L$5>=3,L$5<=5), $B23="Tensar HX165",AND(L$5>=4,L$5<=6), OR($B23="GS-GRID B20/20",$B23="GS-GRID B20/20L"),AND(L$5>=1,L$5<=3), OR($B23="GS-GRID B30/30",$B23="GS-GRID B30/30L"),AND(L$5>=3,L$5<=5), OR($B23="GS-GRID SX160",$B23="E'GRID T6"),AND(L$5>=3,L$5<=6), OR($B23="GS-GRID B30/30XL",$B23="GS-GRID B40/40",$B23="GS-GRID B40/40L"),AND(L$5>=4,L$5<=6), OR($B23="GS-GRID SX170",$B23="E'GRID T7"),AND(L$5>=4,L$5<=6), $B23="E'GRID T9L",AND(L$5>=4,L$5<=6), TRUE,FALSE ),"x","") )} | M23: {=IF(OR($B23="Anden armering",$B23=""),"",IF(_xlfn.IFS( $B23="Tensar TriAx TX150",AND(M$5>=1,M$5<=4), $B23="Tensar TriAx TX160",AND(M$5>=3,M$5<=6), $B23="Tensar InterAx NX750",AND(M$5>=5,M$5<=6), $B23="Tensar InterAx NX850",AND(M$5>=5,M$5<=6), $B23="Tensar HX5.5",AND(M$5>=1,M$5<=5), $B23="Tensar SS30",AND(M$5>=3,M$5<=5), $B23="Tensar HX165",AND(M$5>=4,M$5<=6), OR($B23="GS-GRID B20/20",$B23="GS-GRID B20/20L"),AND(M$5>=1,M$5<=3), OR($B23="GS-GRID B30/30",$B23="GS-GRID B30/30L"),AND(M$5>=3,M$5<=5), OR($B23="GS-GRID SX160",$B23="E'GRID T6"),AND(M$5>=3,M$5<=6), OR($B23="GS-GRID B30/30XL",$B23="GS-GRID B40/40",$B23="GS-GRID B40/40L"),AND(M$5>=4,M$5<=6), OR($B23="GS-GRID SX170",$B23="E'GRID T7"),AND(M$5>=4,M$5<=6), $B23="E'GRID T9L",AND(M$5>=4,M$5<=6), TRUE,FALSE ),"x","") )} | N23: {=IF(OR($B23="Anden armering",$B23=""),"",IF(_xlfn.IFS( $B23="Tensar TriAx TX150",AND(N$5>=1,N$5<=4), $B23="Tensar TriAx TX160",AND(N$5>=3,N$5<=6), $B23="Tensar InterAx NX750",AND(N$5>=5,N$5<=6), $B23="Tensar InterAx NX850",AND(N$5>=5,N$5<=6), $B23="Tensar HX5.5",AND(N$5>=1,N$5<=5), $B23="Tensar SS30",AND(N$5>=3,N$5<=5), $B23="Tensar HX165",AND(N$5>=4,N$5<=6), OR($B23="GS-GRID B20/20",$B23="GS-GRID B20/20L"),AND(N$5>=1,N$5<=3), OR($B23="GS-GRID B30/30",$B23="GS-GRID B30/30L"),AND(N$5>=3,N$5<=5), OR($B23="GS-GRID SX160",$B23="E'GRID T6"),AND(N$5>=3,N$5<=6), OR($B23="GS-GRID B30/30XL",$B23="GS-GRID B40/40",$B23="GS-GRID B40/40L"),AND(N$5>=4,N$5<=6), OR($B23="GS-GRID SX170",$B23="E'GRID T7"),AND(N$5>=4,N$5<=6), $B23="E'GRID T9L",AND(N$5>=4,N$5<=6), TRUE,FALSE ),"x","") )} | O23: {=IF(OR($B23="Anden armering",$B23=""),"",IF(_xlfn.IFS( $B23="Tensar TriAx TX150",AND(O$5>=1,O$5<=4), $B23="Tensar TriAx TX160",AND(O$5>=3,O$5<=6), $B23="Tensar InterAx NX750",AND(O$5>=5,O$5<=6), $B23="Tensar InterAx NX850",AND(O$5>=5,O$5<=6), $B23="Tensar HX5.5",AND(O$5>=1,O$5<=5), $B23="Tensar SS30",AND(O$5>=3,O$5<=5), $B23="Tensar HX165",AND(O$5>=4,O$5<=6), OR($B23="GS-GRID B20/20",$B23="GS-GRID B20/20L"),AND(O$5>=1,O$5<=3), OR($B23="GS-GRID B30/30",$B23="GS-GRID B30/30L"),AND(O$5>=3,O$5<=5), OR($B23="GS-GRID SX160",$B23="E'GRID T6"),AND(O$5>=3,O$5<=6), OR($B23="GS-GRID B30/30XL",$B23="GS-GRID B40/40",$B23="GS-GRID B40/40L"),AND(O$5>=4,O$5<=6), OR($B23="GS-GRID SX170",$B23="E'GRID T7"),AND(O$5>=4,O$5<=6), $B23="E'GRID T9L",AND(O$5>=4,O$5<=6), TRUE,FALSE ),"x","") )} -> x | P23: {=IF(OR($B23="Anden armering",$B23=""),"",IF(_xlfn.IFS( $B23="Tensar TriAx TX150",AND(P$5>=1,P$5<=4), $B23="Tensar TriAx TX160",AND(P$5>=3,P$5<=6), $B23="Tensar InterAx NX750",AND(P$5>=5,P$5<=6), $B23="Tensar InterAx NX850",AND(P$5>=5,P$5<=6), $B23="Tensar HX5.5",AND(P$5>=1,P$5<=5), $B23="Tensar SS30",AND(P$5>=3,P$5<=5), $B23="Tensar HX165",AND(P$5>=4,P$5<=6), OR($B23="GS-GRID B20/20",$B23="GS-GRID B20/20L"),AND(P$5>=1,P$5<=3), OR($B23="GS-GRID B30/30",$B23="GS-GRID B30/30L"),AND(P$5>=3,P$5<=5), OR($B23="GS-GRID SX160",$B23="E'GRID T6"),AND(P$5>=3,P$5<=6), OR($B23="GS-GRID B30/30XL",$B23="GS-GRID B40/40",$B23="GS-GRID B40/40L"),AND(P$5>=4,P$5<=6), OR($B23="GS-GRID SX170",$B23="E'GRID T7"),AND(P$5>=4,P$5<=6), $B23="E'GRID T9L",AND(P$5>=4,P$5<=6), TRUE,FALSE ),"x","") )} -> x | Q23: {=IF(OR($B23="Anden armering",$B23=""),"",IF(_xlfn.IFS( $B23="Tensar TriAx TX150",AND(Q$5>=1,Q$5<=4), $B23="Tensar TriAx TX160",AND(Q$5>=3,Q$5<=6), $B23="Tensar InterAx NX750",AND(Q$5>=5,Q$5<=6), $B23="Tensar InterAx NX850",AND(Q$5>=5,Q$5<=6), $B23="Tensar HX5.5",AND(Q$5>=1,Q$5<=5), $B23="Tensar SS30",AND(Q$5>=3,Q$5<=5), $B23="Tensar HX165",AND(Q$5>=4,Q$5<=6), OR($B23="GS-GRID B20/20",$B23="GS-GRID B20/20L"),AND(Q$5>=1,Q$5<=3), OR($B23="GS-GRID B30/30",$B23="GS-GRID B30/30L"),AND(Q$5>=3,Q$5<=5), OR($B23="GS-GRID SX160",$B23="E'GRID T6"),AND(Q$5>=3,Q$5<=6), OR($B23="GS-GRID B30/30XL",$B23="GS-GRID B40/40",$B23="GS-GRID B40/40L"),AND(Q$5>=4,Q$5<=6), OR($B23="GS-GRID SX170",$B23="E'GRID T7"),AND(Q$5>=4,Q$5<=6), $B23="E'GRID T9L",AND(Q$5>=4,Q$5<=6), TRUE,FALSE ),"x","") )} -> x
B24: E'GRID T9L | C24: E'GRID | D24: Hexagonalt | E24: -0.1 | F24: pitch 120 mm | G24: 150 | H24: 40 | I24: 3.9 | K24: 150 | L24: {=IF(OR($B24="Anden armering",$B24=""),"",IF(_xlfn.IFS( $B24="Tensar TriAx TX150",AND(L$5>=1,L$5<=4), $B24="Tensar TriAx TX160",AND(L$5>=3,L$5<=6), $B24="Tensar InterAx NX750",AND(L$5>=5,L$5<=6), $B24="Tensar InterAx NX850",AND(L$5>=5,L$5<=6), $B24="Tensar HX5.5",AND(L$5>=1,L$5<=5), $B24="Tensar SS30",AND(L$5>=3,L$5<=5), $B24="Tensar HX165",AND(L$5>=4,L$5<=6), OR($B24="GS-GRID B20/20",$B24="GS-GRID B20/20L"),AND(L$5>=1,L$5<=3), OR($B24="GS-GRID B30/30",$B24="GS-GRID B30/30L"),AND(L$5>=3,L$5<=5), OR($B24="GS-GRID SX160",$B24="E'GRID T6"),AND(L$5>=3,L$5<=6), OR($B24="GS-GRID B30/30XL",$B24="GS-GRID B40/40",$B24="GS-GRID B40/40L"),AND(L$5>=4,L$5<=6), OR($B24="GS-GRID SX170",$B24="E'GRID T7"),AND(L$5>=4,L$5<=6), $B24="E'GRID T9L",AND(L$5>=4,L$5<=6), TRUE,FALSE ),"x","") )} | M24: {=IF(OR($B24="Anden armering",$B24=""),"",IF(_xlfn.IFS( $B24="Tensar TriAx TX150",AND(M$5>=1,M$5<=4), $B24="Tensar TriAx TX160",AND(M$5>=3,M$5<=6), $B24="Tensar InterAx NX750",AND(M$5>=5,M$5<=6), $B24="Tensar InterAx NX850",AND(M$5>=5,M$5<=6), $B24="Tensar HX5.5",AND(M$5>=1,M$5<=5), $B24="Tensar SS30",AND(M$5>=3,M$5<=5), $B24="Tensar HX165",AND(M$5>=4,M$5<=6), OR($B24="GS-GRID B20/20",$B24="GS-GRID B20/20L"),AND(M$5>=1,M$5<=3), OR($B24="GS-GRID B30/30",$B24="GS-GRID B30/30L"),AND(M$5>=3,M$5<=5), OR($B24="GS-GRID SX160",$B24="E'GRID T6"),AND(M$5>=3,M$5<=6), OR($B24="GS-GRID B30/30XL",$B24="GS-GRID B40/40",$B24="GS-GRID B40/40L"),AND(M$5>=4,M$5<=6), OR($B24="GS-GRID SX170",$B24="E'GRID T7"),AND(M$5>=4,M$5<=6), $B24="E'GRID T9L",AND(M$5>=4,M$5<=6), TRUE,FALSE ),"x","") )} | N24: {=IF(OR($B24="Anden armering",$B24=""),"",IF(_xlfn.IFS( $B24="Tensar TriAx TX150",AND(N$5>=1,N$5<=4), $B24="Tensar TriAx TX160",AND(N$5>=3,N$5<=6), $B24="Tensar InterAx NX750",AND(N$5>=5,N$5<=6), $B24="Tensar InterAx NX850",AND(N$5>=5,N$5<=6), $B24="Tensar HX5.5",AND(N$5>=1,N$5<=5), $B24="Tensar SS30",AND(N$5>=3,N$5<=5), $B24="Tensar HX165",AND(N$5>=4,N$5<=6), OR($B24="GS-GRID B20/20",$B24="GS-GRID B20/20L"),AND(N$5>=1,N$5<=3), OR($B24="GS-GRID B30/30",$B24="GS-GRID B30/30L"),AND(N$5>=3,N$5<=5), OR($B24="GS-GRID SX160",$B24="E'GRID T6"),AND(N$5>=3,N$5<=6), OR($B24="GS-GRID B30/30XL",$B24="GS-GRID B40/40",$B24="GS-GRID B40/40L"),AND(N$5>=4,N$5<=6), OR($B24="GS-GRID SX170",$B24="E'GRID T7"),AND(N$5>=4,N$5<=6), $B24="E'GRID T9L",AND(N$5>=4,N$5<=6), TRUE,FALSE ),"x","") )} | O24: {=IF(OR($B24="Anden armering",$B24=""),"",IF(_xlfn.IFS( $B24="Tensar TriAx TX150",AND(O$5>=1,O$5<=4), $B24="Tensar TriAx TX160",AND(O$5>=3,O$5<=6), $B24="Tensar InterAx NX750",AND(O$5>=5,O$5<=6), $B24="Tensar InterAx NX850",AND(O$5>=5,O$5<=6), $B24="Tensar HX5.5",AND(O$5>=1,O$5<=5), $B24="Tensar SS30",AND(O$5>=3,O$5<=5), $B24="Tensar HX165",AND(O$5>=4,O$5<=6), OR($B24="GS-GRID B20/20",$B24="GS-GRID B20/20L"),AND(O$5>=1,O$5<=3), OR($B24="GS-GRID B30/30",$B24="GS-GRID B30/30L"),AND(O$5>=3,O$5<=5), OR($B24="GS-GRID SX160",$B24="E'GRID T6"),AND(O$5>=3,O$5<=6), OR($B24="GS-GRID B30/30XL",$B24="GS-GRID B40/40",$B24="GS-GRID B40/40L"),AND(O$5>=4,O$5<=6), OR($B24="GS-GRID SX170",$B24="E'GRID T7"),AND(O$5>=4,O$5<=6), $B24="E'GRID T9L",AND(O$5>=4,O$5<=6), TRUE,FALSE ),"x","") )} -> x | P24: {=IF(OR($B24="Anden armering",$B24=""),"",IF(_xlfn.IFS( $B24="Tensar TriAx TX150",AND(P$5>=1,P$5<=4), $B24="Tensar TriAx TX160",AND(P$5>=3,P$5<=6), $B24="Tensar InterAx NX750",AND(P$5>=5,P$5<=6), $B24="Tensar InterAx NX850",AND(P$5>=5,P$5<=6), $B24="Tensar HX5.5",AND(P$5>=1,P$5<=5), $B24="Tensar SS30",AND(P$5>=3,P$5<=5), $B24="Tensar HX165",AND(P$5>=4,P$5<=6), OR($B24="GS-GRID B20/20",$B24="GS-GRID B20/20L"),AND(P$5>=1,P$5<=3), OR($B24="GS-GRID B30/30",$B24="GS-GRID B30/30L"),AND(P$5>=3,P$5<=5), OR($B24="GS-GRID SX160",$B24="E'GRID T6"),AND(P$5>=3,P$5<=6), OR($B24="GS-GRID B30/30XL",$B24="GS-GRID B40/40",$B24="GS-GRID B40/40L"),AND(P$5>=4,P$5<=6), OR($B24="GS-GRID SX170",$B24="E'GRID T7"),AND(P$5>=4,P$5<=6), $B24="E'GRID T9L",AND(P$5>=4,P$5<=6), TRUE,FALSE ),"x","") )} -> x | Q24: {=IF(OR($B24="Anden armering",$B24=""),"",IF(_xlfn.IFS( $B24="Tensar TriAx TX150",AND(Q$5>=1,Q$5<=4), $B24="Tensar TriAx TX160",AND(Q$5>=3,Q$5<=6), $B24="Tensar InterAx NX750",AND(Q$5>=5,Q$5<=6), $B24="Tensar InterAx NX850",AND(Q$5>=5,Q$5<=6), $B24="Tensar HX5.5",AND(Q$5>=1,Q$5<=5), $B24="Tensar SS30",AND(Q$5>=3,Q$5<=5), $B24="Tensar HX165",AND(Q$5>=4,Q$5<=6), OR($B24="GS-GRID B20/20",$B24="GS-GRID B20/20L"),AND(Q$5>=1,Q$5<=3), OR($B24="GS-GRID B30/30",$B24="GS-GRID B30/30L"),AND(Q$5>=3,Q$5<=5), OR($B24="GS-GRID SX160",$B24="E'GRID T6"),AND(Q$5>=3,Q$5<=6), OR($B24="GS-GRID B30/30XL",$B24="GS-GRID B40/40",$B24="GS-GRID B40/40L"),AND(Q$5>=4,Q$5<=6), OR($B24="GS-GRID SX170",$B24="E'GRID T7"),AND(Q$5>=4,Q$5<=6), $B24="E'GRID T9L",AND(Q$5>=4,Q$5<=6), TRUE,FALSE ),"x","") )} -> x
B25: Anden armering | C25: (manuel) | E25: 0 | J25: Indtast navn og faktor manuelt | L25: {=IF(OR($B25="Anden armering",$B25=""),"",IF(_xlfn.IFS( $B25="Tensar TriAx TX150",AND(L$5>=1,L$5<=4), $B25="Tensar TriAx TX160",AND(L$5>=3,L$5<=6), $B25="Tensar InterAx NX750",AND(L$5>=5,L$5<=6), $B25="Tensar InterAx NX850",AND(L$5>=5,L$5<=6), $B25="Tensar HX5.5",AND(L$5>=1,L$5<=5), $B25="Tensar SS30",AND(L$5>=3,L$5<=5), $B25="Tensar HX165",AND(L$5>=4,L$5<=6), OR($B25="GS-GRID B20/20",$B25="GS-GRID B20/20L"),AND(L$5>=1,L$5<=3), OR($B25="GS-GRID B30/30",$B25="GS-GRID B30/30L"),AND(L$5>=3,L$5<=5), OR($B25="GS-GRID SX160",$B25="E'GRID T6"),AND(L$5>=3,L$5<=6), OR($B25="GS-GRID B30/30XL",$B25="GS-GRID B40/40",$B25="GS-GRID B40/40L"),AND(L$5>=4,L$5<=6), OR($B25="GS-GRID SX170",$B25="E'GRID T7"),AND(L$5>=4,L$5<=6), $B25="E'GRID T9L",AND(L$5>=4,L$5<=6), TRUE,FALSE ),"x","") )} | M25: {=IF(OR($B25="Anden armering",$B25=""),"",IF(_xlfn.IFS( $B25="Tensar TriAx TX150",AND(M$5>=1,M$5<=4), $B25="Tensar TriAx TX160",AND(M$5>=3,M$5<=6), $B25="Tensar InterAx NX750",AND(M$5>=5,M$5<=6), $B25="Tensar InterAx NX850",AND(M$5>=5,M$5<=6), $B25="Tensar HX5.5",AND(M$5>=1,M$5<=5), $B25="Tensar SS30",AND(M$5>=3,M$5<=5), $B25="Tensar HX165",AND(M$5>=4,M$5<=6), OR($B25="GS-GRID B20/20",$B25="GS-GRID B20/20L"),AND(M$5>=1,M$5<=3), OR($B25="GS-GRID B30/30",$B25="GS-GRID B30/30L"),AND(M$5>=3,M$5<=5), OR($B25="GS-GRID SX160",$B25="E'GRID T6"),AND(M$5>=3,M$5<=6), OR($B25="GS-GRID B30/30XL",$B25="GS-GRID B40/40",$B25="GS-GRID B40/40L"),AND(M$5>=4,M$5<=6), OR($B25="GS-GRID SX170",$B25="E'GRID T7"),AND(M$5>=4,M$5<=6), $B25="E'GRID T9L",AND(M$5>=4,M$5<=6), TRUE,FALSE ),"x","") )} | N25: {=IF(OR($B25="Anden armering",$B25=""),"",IF(_xlfn.IFS( $B25="Tensar TriAx TX150",AND(N$5>=1,N$5<=4), $B25="Tensar TriAx TX160",AND(N$5>=3,N$5<=6), $B25="Tensar InterAx NX750",AND(N$5>=5,N$5<=6), $B25="Tensar InterAx NX850",AND(N$5>=5,N$5<=6), $B25="Tensar HX5.5",AND(N$5>=1,N$5<=5), $B25="Tensar SS30",AND(N$5>=3,N$5<=5), $B25="Tensar HX165",AND(N$5>=4,N$5<=6), OR($B25="GS-GRID B20/20",$B25="GS-GRID B20/20L"),AND(N$5>=1,N$5<=3), OR($B25="GS-GRID B30/30",$B25="GS-GRID B30/30L"),AND(N$5>=3,N$5<=5), OR($B25="GS-GRID SX160",$B25="E'GRID T6"),AND(N$5>=3,N$5<=6), OR($B25="GS-GRID B30/30XL",$B25="GS-GRID B40/40",$B25="GS-GRID B40/40L"),AND(N$5>=4,N$5<=6), OR($B25="GS-GRID SX170",$B25="E'GRID T7"),AND(N$5>=4,N$5<=6), $B25="E'GRID T9L",AND(N$5>=4,N$5<=6), TRUE,FALSE ),"x","") )} | O25: {=IF(OR($B25="Anden armering",$B25=""),"",IF(_xlfn.IFS( $B25="Tensar TriAx TX150",AND(O$5>=1,O$5<=4), $B25="Tensar TriAx TX160",AND(O$5>=3,O$5<=6), $B25="Tensar InterAx NX750",AND(O$5>=5,O$5<=6), $B25="Tensar InterAx NX850",AND(O$5>=5,O$5<=6), $B25="Tensar HX5.5",AND(O$5>=1,O$5<=5), $B25="Tensar SS30",AND(O$5>=3,O$5<=5), $B25="Tensar HX165",AND(O$5>=4,O$5<=6), OR($B25="GS-GRID B20/20",$B25="GS-GRID B20/20L"),AND(O$5>=1,O$5<=3), OR($B25="GS-GRID B30/30",$B25="GS-GRID B30/30L"),AND(O$5>=3,O$5<=5), OR($B25="GS-GRID SX160",$B25="E'GRID T6"),AND(O$5>=3,O$5<=6), OR($B25="GS-GRID B30/30XL",$B25="GS-GRID B40/40",$B25="GS-GRID B40/40L"),AND(O$5>=4,O$5<=6), OR($B25="GS-GRID SX170",$B25="E'GRID T7"),AND(O$5>=4,O$5<=6), $B25="E'GRID T9L",AND(O$5>=4,O$5<=6), TRUE,FALSE ),"x","") )} | P25: {=IF(OR($B25="Anden armering",$B25=""),"",IF(_xlfn.IFS( $B25="Tensar TriAx TX150",AND(P$5>=1,P$5<=4), $B25="Tensar TriAx TX160",AND(P$5>=3,P$5<=6), $B25="Tensar InterAx NX750",AND(P$5>=5,P$5<=6), $B25="Tensar InterAx NX850",AND(P$5>=5,P$5<=6), $B25="Tensar HX5.5",AND(P$5>=1,P$5<=5), $B25="Tensar SS30",AND(P$5>=3,P$5<=5), $B25="Tensar HX165",AND(P$5>=4,P$5<=6), OR($B25="GS-GRID B20/20",$B25="GS-GRID B20/20L"),AND(P$5>=1,P$5<=3), OR($B25="GS-GRID B30/30",$B25="GS-GRID B30/30L"),AND(P$5>=3,P$5<=5), OR($B25="GS-GRID SX160",$B25="E'GRID T6"),AND(P$5>=3,P$5<=6), OR($B25="GS-GRID B30/30XL",$B25="GS-GRID B40/40",$B25="GS-GRID B40/40L"),AND(P$5>=4,P$5<=6), OR($B25="GS-GRID SX170",$B25="E'GRID T7"),AND(P$5>=4,P$5<=6), $B25="E'GRID T9L",AND(P$5>=4,P$5<=6), TRUE,FALSE ),"x","") )} | Q25: {=IF(OR($B25="Anden armering",$B25=""),"",IF(_xlfn.IFS( $B25="Tensar TriAx TX150",AND(Q$5>=1,Q$5<=4), $B25="Tensar TriAx TX160",AND(Q$5>=3,Q$5<=6), $B25="Tensar InterAx NX750",AND(Q$5>=5,Q$5<=6), $B25="Tensar InterAx NX850",AND(Q$5>=5,Q$5<=6), $B25="Tensar HX5.5",AND(Q$5>=1,Q$5<=5), $B25="Tensar SS30",AND(Q$5>=3,Q$5<=5), $B25="Tensar HX165",AND(Q$5>=4,Q$5<=6), OR($B25="GS-GRID B20/20",$B25="GS-GRID B20/20L"),AND(Q$5>=1,Q$5<=3), OR($B25="GS-GRID B30/30",$B25="GS-GRID B30/30L"),AND(Q$5>=3,Q$5<=5), OR($B25="GS-GRID SX160",$B25="E'GRID T6"),AND(Q$5>=3,Q$5<=6), OR($B25="GS-GRID B30/30XL",$B25="GS-GRID B40/40",$B25="GS-GRID B40/40L"),AND(Q$5>=4,Q$5<=6), OR($B25="GS-GRID SX170",$B25="E'GRID T7"),AND(Q$5>=4,Q$5<=6), $B25="E'GRID T9L",AND(Q$5>=4,Q$5<=6), TRUE,FALSE ),"x","") )}
B27: Note: Korrektionsfaktorerne på denne fane bruges som STANDARDVÆRDIER på fane 2. Brugeren kan overstyre dem på fane "4. Korrektionsfaktorer" hvis særlige forhold gør sig gældende.

Sheet 7. Opslagstabeller
B1: 7. Opslagstabeller — Datafundament for beregningerne | AA1: 7.x Hjælpelogik — dynamisk generering af tabel 7.1 fra rådata i 7.2
B2: Denne fane indeholder alle de underliggende tabeller som dimensioneringen trækker fra. Tabellerne kan ikke ændres uden at det påvirker beregningen — kun gør det hvis du forstår konsekvenserne. | AA2: Denne sektion indeholder kun formler. Mapping-tabellen beskriver hvor hver diagramserie ligger i 7.2, og hjælpe-matricen beregner herefter 7.1 automatisk via lineær interpolation. Hvis rådata i 7.2 ændres, opdateres 7.1 automatisk.
AI4: Hjælpe-matrice: beregnet 7.1-værdi (cm)
B5: 7.1 Lookup-tabel: Bærelagstykkelse (cm) som funktion af Eu, Eo og lagopbygning | AA5: Serie-nøgle | AB5: Eo (MPa) | AC5: Lagtype | AD5: Tykkelse-range | AE5: Eu-range | AF5: Kilde i 7.2 | AI5: Eu (MPa) | AJ5: 30|Uarmeret | AK5: 30|1 lag | AL5: 30|2/flere lag | AM5: 45|Uarmeret | AN5: 45|1 lag | AO5: 45|2/flere lag | AP5: 60|Uarmeret | AQ5: 60|1 lag | AR5: 60|2/flere lag | AS5: 80|Uarmeret | AT5: 80|1 lag | AU5: 80|2/flere lag | AV5: 120|Uarmeret | AW5: 120|1 lag | AX5: 120|2/flere lag | AY5: 150|Uarmeret | AZ5: 150|1 lag | BA5: 150|2/flere lag | BB5: Klassifikation til 7.1 farvekoder
B6: Lookup-tabellen genereres automatisk med formler ud fra rå diagram-data (sektion 7.2) via hjælpe-logikken fra kolonne AA og frem. Bærelagstykkelser er angivet i CENTIMETER. Celler med — = udenfor diagrammets gyldighedsområde. Disse værdier udgør "T_basis" i beregningen og bliver derefter korrigeret for friktionsvinkel, net-type og usikkerhedsmargin på fane 2. | AA6: 30|Uarmeret | AB6: 30 | AC6: Uarmeret | AD6: $B$37:$B$48 | AE6: $C$37:$C$48 | AF6: Diagram 1 | AI6: =B10 -> 2 | AJ6: {=_xlfn.LET(_xlpm.targeteu,$AI6,_xlpm.serieskey,AJ$5,_xlpm.euaddr,_xlfn.XLOOKUP(_xlpm.serieskey,$AA$6:$AA$23,$AE$6:$AE$23,""),_xlpm.taddr,_xlfn.XLOOKUP(_xlpm.serieskey,$AA$6:$AA$23,$AD$6:$AD$23,""),IF(OR(_xlpm.euaddr="",_xlpm.taddr=""),"",_xlfn.LET(_xlpm.eucol,INDIRECT(_xlpm.euaddr),_xlpm.tcol,INDIRECT(_xlpm.taddr),_xlpm.valid,ISNUMBER(_xlpm.eucol),_xlpm.validcount,SUM(--_xlpm.valid),IF(_xlpm.validcount=0,"",_xlfn.LET(_xlpm.e,_xlfn._xlws.FILTER(_xlpm.eucol,_xlpm.valid),_xlpm.t,_xlfn._xlws.FILTER(_xlpm.tcol,_xlpm.valid),_xlpm.mine,MIN(_xlpm.e),_xlpm.maxe,MAX(_xlpm.e),IF(OR(_xlpm.targeteu<_xlpm.mine,_xlpm.targeteu>_xlpm.maxe),"",_xlfn.LET(_xlpm.euhigh,MIN(_xlfn._xlws.FILTER(_xlpm.e,_xlpm.e>=_xlpm.targeteu)),_xlpm.eulow,MAX(_xlfn._xlws.FILTER(_xlpm.e,_xlpm.e<=_xlpm.targeteu)),_xlpm.thigh,_xlfn.XLOOKUP(_xlpm.euhigh,_xlpm.e,_xlpm.t,"",0),_xlpm.tlow,_xlfn.XLOOKUP(_xlpm.eulow,_xlpm.e,_xlpm.t,"",0),ROUND(IF(_xlpm.euhigh=_xlpm.eulow,_xlpm.thigh,_xlpm.thigh+(_xlpm.targeteu-_xlpm.euhigh)/(_xlpm.eulow-_xlpm.euhigh)*(_xlpm.tlow-_xlpm.thigh)),1))))))))} | AK6: {=_xlfn.LET(_xlpm.targeteu,$AI6,_xlpm.serieskey,AK$5,_xlpm.euaddr,_xlfn.XLOOKUP(_xlpm.serieskey,$AA$6:$AA$23,$AE$6:$AE$23,""),_xlpm.taddr,_xlfn.XLOOKUP(_xlpm.serieskey,$AA$6:$AA$23,$AD$6:$AD$23,""),IF(OR(_xlpm.euaddr="",_xlpm.taddr=""),"",_xlfn.LET(_xlpm.eucol,INDIRECT(_xlpm.euaddr),_xlpm.tcol,INDIRECT(_xlpm.taddr),_xlpm.valid,ISNUMBER(_xlpm.eucol),_xlpm.validcount,SUM(--_xlpm.valid),IF(_xlpm.validcount=0,"",_xlfn.LET(_xlpm.e,_xlfn._xlws.FILTER(_xlpm.eucol,_xlpm.valid),_xlpm.t,_xlfn._xlws.FILTER(_xlpm.tcol,_xlpm.valid),_xlpm.mine,MIN(_xlpm.e),_xlpm.maxe,MAX(_xlpm.e),IF(OR(_xlpm.targeteu<_xlpm.mine,_xlpm.targeteu>_xlpm.maxe),"",_xlfn.LET(_xlpm.euhigh,MIN(_xlfn._xlws.FILTER(_xlpm.e,_xlpm.e>=_xlpm.targeteu)),_xlpm.eulow,MAX(_xlfn._xlws.FILTER(_xlpm.e,_xlpm.e<=_xlpm.targeteu)),_xlpm.thigh,_xlfn.XLOOKUP(_xlpm.euhigh,_xlpm.e,_xlpm.t,"",0),_xlpm.tlow,_xlfn.XLOOKUP(_xlpm.eulow,_xlpm.e,_xlpm.t,"",0),ROUND(IF(_xlpm.euhigh=_xlpm.eulow,_xlpm.thigh,_xlpm.thigh+(_xlpm.targeteu-_xlpm.euhigh)/(_xlpm.eulow-_xlpm.euhigh)*(_xlpm.tlow-_xlpm.thigh)),1))))))))} -> 80 | AL6: {=_xlfn.LET(_xlpm.targeteu,$AI6,_xlpm.serieskey,AL$5,_xlpm.euaddr,_xlfn.XLOOKUP(_xlpm.serieskey,$AA$6:$AA$23,$AE$6:$AE$23,""),_xlpm.taddr,_xlfn.XLOOKUP(_xlpm.serieskey,$AA$6:$AA$23,$AD$6:$AD$23,""),IF(OR(_xlpm.euaddr="",_xlpm.taddr=""),"",_xlfn.LET(_xlpm.eucol,INDIRECT(_xlpm.euaddr),_xlpm.tcol,INDIRECT(_xlpm.taddr),_xlpm.valid,ISNUMBER(_xlpm.eucol),_xlpm.validcount,SUM(--_xlpm.valid),IF(_xlpm.validcount=0,"",_xlfn.LET(_xlpm.e,_xlfn._xlws.FILTER(_xlpm.eucol,_xlpm.valid),_xlpm.t,_xlfn._xlws.FILTER(_xlpm.tcol,_xlpm.valid),_xlpm.mine,MIN(_xlpm.e),_xlpm.maxe,MAX(_xlpm.e),IF(OR(_xlpm.targeteu<_xlpm.mine,_xlpm.targeteu>_xlpm.maxe),"",_xlfn.LET(_xlpm.euhigh,MIN(_xlfn._xlws.FILTER(_xlpm.e,_xlpm.e>=_xlpm.targeteu)),_xlpm.eulow,MAX(_xlfn._xlws.FILTER(_xlpm.e,_xlpm.e<=_xlpm.targeteu)),_xlpm.thigh,_xlfn.XLOOKUP(_xlpm.euhigh,_xlpm.e,_xlpm.t,"",0),_xlpm.tlow,_xlfn.XLOOKUP(_xlpm.eulow,_xlpm.e,_xlpm.t,"",0),ROUND(IF(_xlpm.euhigh=_xlpm.eulow,_xlpm.thigh,_xlpm.thigh+(_xlpm.targeteu-_xlpm.euhigh)/(_xlpm.eulow-_xlpm.euhigh)*(_xlpm.tlow-_xlpm.thigh)),1))))))))} | AM6: {=_xlfn.LET(_xlpm.targeteu,$AI6,_xlpm.serieskey,AM$5,_xlpm.euaddr,_xlfn.XLOOKUP(_xlpm.serieskey,$AA$6:$AA$23,$AE$6:$AE$23,""),_xlpm.taddr,_xlfn.XLOOKUP(_xlpm.serieskey,$AA$6:$AA$23,$AD$6:$AD$23,""),IF(OR(_xlpm.euaddr="",_xlpm.taddr=""),"",_xlfn.LET(_xlpm.eucol,INDIRECT(_xlpm.euaddr),_xlpm.tcol,INDIRECT(_xlpm.taddr),_xlpm.valid,ISNUMBER(_xlpm.eucol),_xlpm.validcount,SUM(--_xlpm.valid),IF(_xlpm.validcount=0,"",_xlfn.LET(_xlpm.e,_xlfn._xlws.FILTER(_xlpm.eucol,_xlpm.valid),_xlpm.t,_xlfn._xlws.FILTER(_xlpm.tcol,_xlpm.valid),_xlpm.mine,MIN(_xlpm.e),_xlpm.maxe,MAX(_xlpm.e),IF(OR(_xlpm.targeteu<_xlpm.mine,_xlpm.targeteu>_xlpm.maxe),"",_xlfn.LET(_xlpm.euhigh,MIN(_xlfn._xlws.FILTER(_xlpm.e,_xlpm.e>=_xlpm.targeteu)),_xlpm.eulow,MAX(_xlfn._xlws.FILTER(_xlpm.e,_xlpm.e<=_xlpm.targeteu)),_xlpm.thigh,_xlfn.XLOOKUP(_xlpm.euhigh,_xlpm.e,_xlpm.t,"",0),_xlpm.tlow,_xlfn.XLOOKUP(_xlpm.eulow,_xlpm.e,_xlpm.t,"",0),ROUND(IF(_xlpm.euhigh=_xlpm.eulow,_xlpm.thigh,_xlpm.thigh+(_xlpm.targeteu-_xlpm.euhigh)/(_xlpm.eulow-_xlpm.euhigh)*(_xlpm.tlow-_xlpm.thigh)),1))))))))} | AN6: {=_xlfn.LET(_xlpm.targeteu,$AI6,_xlpm.serieskey,AN$5,_xlpm.euaddr,_xlfn.XLOOKUP(_xlpm.serieskey,$AA$6:$AA$23,$AE$6:$AE$23,""),_xlpm.taddr,_xlfn.XLOOKUP(_xlpm.serieskey,$AA$6:$AA$23,$AD$6:$AD$23,""),IF(OR(_xlpm.euaddr="",_xlpm.taddr=""),"",_xlfn.LET(_xlpm.eucol,INDIRECT(_xlpm.euaddr),_xlpm.tcol,INDIRECT(_xlpm.taddr),_xlpm.valid,ISNUMBER(_xlpm.eucol),_xlpm.validcount,SUM(--_xlpm.valid),IF(_xlpm.validcount=0,"",_xlfn.LET(_xlpm.e,_xlfn._xlws.FILTER(_xlpm.eucol,_xlpm.valid),_xlpm.t,_xlfn._xlws.FILTER(_xlpm.tcol,_xlpm.valid),_xlpm.mine,MIN(_xlpm.e),_xlpm.maxe,MAX(_xlpm.e),IF(OR(_xlpm.targeteu<_xlpm.mine,_xlpm.targeteu>_xlpm.maxe),"",_xlfn.LET(_xlpm.euhigh,MIN(_xlfn._xlws.FILTER(_xlpm.e,_xlpm.e>=_xlpm.targeteu)),_xlpm.eulow,MAX(_xlfn._xlws.FILTER(_xlpm.e,_xlpm.e<=_xlpm.targeteu)),_xlpm.thigh,_xlfn.XLOOKUP(_xlpm.euhigh,_xlpm.e,_xlpm.t,"",0),_xlpm.tlow,_xlfn.XLOOKUP(_xlpm.eulow,_xlpm.e,_xlpm.t,"",0),ROUND(IF(_xlpm.euhigh=_xlpm.eulow,_xlpm.thigh,_xlpm.thigh+(_xlpm.targeteu-_xlpm.euhigh)/(_xlpm.eulow-_xlpm.euhigh)*(_xlpm.tlow-_xlpm.thigh)),1))))))))} -> 90 | AO6: {=_xlfn.LET(_xlpm.targeteu,$AI6,_xlpm.serieskey,AO$5,_xlpm.euaddr,_xlfn.XLOOKUP(_xlpm.serieskey,$AA$6:$AA$23,$AE$6:$AE$23,""),_xlpm.taddr,_xlfn.XLOOKUP(_xlpm.serieskey,$AA$6:$AA$23,$AD$6:$AD$23,""),IF(OR(_xlpm.euaddr="",_xlpm.taddr=""),"",_xlfn.LET(_xlpm.eucol,INDIRECT(_xlpm.euaddr),_xlpm.tcol,INDIRECT(_xlpm.taddr),_xlpm.valid,ISNUMBER(_xlpm.eucol),_xlpm.validcount,SUM(--_xlpm.valid),IF(_xlpm.validcount=0,"",_xlfn.LET(_xlpm.e,_xlfn._xlws.FILTER(_xlpm.eucol,_xlpm.valid),_xlpm.t,_xlfn._xlws.FILTER(_xlpm.tcol,_xlpm.valid),_xlpm.mine,MIN(_xlpm.e),_xlpm.maxe,MAX(_xlpm.e),IF(OR(_xlpm.targeteu<_xlpm.mine,_xlpm.targeteu>_xlpm.maxe),"",_xlfn.LET(_xlpm.euhigh,MIN(_xlfn._xlws.FILTER(_xlpm.e,_xlpm.e>=_xlpm.targeteu)),_xlpm.eulow,MAX(_xlfn._xlws.FILTER(_xlpm.e,_xlpm.e<=_xlpm.targeteu)),_xlpm.thigh,_xlfn.XLOOKUP(_xlpm.euhigh,_xlpm.e,_xlpm.t,"",0),_xlpm.tlow,_xlfn.XLOOKUP(_xlpm.eulow,_xlpm.e,_xlpm.t,"",0),ROUND(IF(_xlpm.euhigh=_xlpm.eulow,_xlpm.thigh,_xlpm.thigh+(_xlpm.targeteu-_xlpm.euhigh)/(_xlpm.eulow-_xlpm.euhigh)*(_xlpm.tlow-_xlpm.thigh)),1))))))))} -> 80 | AP6: {=_xlfn.LET(_xlpm.targeteu,$AI6,_xlpm.serieskey,AP$5,_xlpm.euaddr,_xlfn.XLOOKUP(_xlpm.serieskey,$AA$6:$AA$23,$AE$6:$AE$23,""),_xlpm.taddr,_xlfn.XLOOKUP(_xlpm.serieskey,$AA$6:$AA$23,$AD$6:$AD$23,""),IF(OR(_xlpm.euaddr="",_xlpm.taddr=""),"",_xlfn.LET(_xlpm.eucol,INDIRECT(_xlpm.euaddr),_xlpm.tcol,INDIRECT(_xlpm.taddr),_xlpm.valid,ISNUMBER(_xlpm.eucol),_xlpm.validcount,SUM(--_xlpm.valid),IF(_xlpm.validcount=0,"",_xlfn.LET(_xlpm.e,_xlfn._xlws.FILTER(_xlpm.eucol,_xlpm.valid),_xlpm.t,_xlfn._xlws.FILTER(_xlpm.tcol,_xlpm.valid),_xlpm.mine,MIN(_xlpm.e),_xlpm.maxe,MAX(_xlpm.e),IF(OR(_xlpm.targeteu<_xlpm.mine,_xlpm.targeteu>_xlpm.maxe),"",_xlfn.LET(_xlpm.euhigh,MIN(_xlfn._xlws.FILTER(_xlpm.e,_xlpm.e>=_xlpm.targeteu)),_xlpm.eulow,MAX(_xlfn._xlws.FILTER(_xlpm.e,_xlpm.e<=_xlpm.targeteu)),_xlpm.thigh,_xlfn.XLOOKUP(_xlpm.euhigh,_xlpm.e,_xlpm.t,"",0),_xlpm.tlow,_xlfn.XLOOKUP(_xlpm.eulow,_xlpm.e,_xlpm.t,"",0),ROUND(IF(_xlpm.euhigh=_xlpm.eulow,_xlpm.thigh,_xlpm.thigh+(_xlpm.targeteu-_xlpm.euhigh)/(_xlpm.eulow-_xlpm.euhigh)*(_xlpm.tlow-_xlpm.thigh)),1))))))))} | AQ6: {=_xlfn.LET(_xlpm.targeteu,$AI6,_xlpm.serieskey,AQ$5,_xlpm.euaddr,_xlfn.XLOOKUP(_xlpm.serieskey,$AA$6:$AA$23,$AE$6:$AE$23,""),_xlpm.taddr,_xlfn.XLOOKUP(_xlpm.serieskey,$AA$6:$AA$23,$AD$6:$AD$23,""),IF(OR(_xlpm.euaddr="",_xlpm.taddr=""),"",_xlfn.LET(_xlpm.eucol,INDIRECT(_xlpm.euaddr),_xlpm.tcol,INDIRECT(_xlpm.taddr),_xlpm.valid,ISNUMBER(_xlpm.eucol),_xlpm.validcount,SUM(--_xlpm.valid),IF(_xlpm.validcount=0,"",_xlfn.LET(_xlpm.e,_xlfn._xlws.FILTER(_xlpm.eucol,_xlpm.valid),_xlpm.t,_xlfn._xlws.FILTER(_xlpm.tcol,_xlpm.valid),_xlpm.mine,MIN(_xlpm.e),_xlpm.maxe,MAX(_xlpm.e),IF(OR(_xlpm.targeteu<_xlpm.mine,_xlpm.targeteu>_xlpm.maxe),"",_xlfn.LET(_xlpm.euhigh,MIN(_xlfn._xlws.FILTER(_xlpm.e,_xlpm.e>=_xlpm.targeteu)),_xlpm.eulow,MAX(_xlfn._xlws.FILTER(_xlpm.e,_xlpm.e<=_xlpm.targeteu)),_xlpm.thigh,_xlfn.XLOOKUP(_xlpm.euhigh,_xlpm.e,_xlpm.t,"",0),_xlpm.tlow,_xlfn.XLOOKUP(_xlpm.eulow,_xlpm.e,_xlpm.t,"",0),ROUND(IF(_xlpm.euhigh=_xlpm.eulow,_xlpm.thigh,_xlpm.thigh+(_xlpm.targeteu-_xlpm.euhigh)/(_xlpm.eulow-_xlpm.euhigh)*(_xlpm.tlow-_xlpm.thigh)),1))))))))} -> 96.7 | ... BA6: {=_xlfn.LET(_xlpm.targeteu,$AI6,_xlpm.serieskey,BA$5,_xlpm.euaddr,_xlfn.XLOOKUP(_xlpm.serieskey,$AA$6:$AA$23,$AE$6:$AE$23,""),_xlpm.taddr,_xlfn.XLOOKUP(_xlpm.serieskey,$AA$6:$AA$23,$AD$6:$AD$23,""),IF(OR(_xlpm.euaddr="",_xlpm.taddr=""),"",_xlfn.LET(_xlpm.eucol,INDIRECT(_xlpm.euaddr),_xlpm.tcol,INDIRECT(_xlpm.taddr),_xlpm.valid,ISNUMBER(_xlpm.eucol),_xlpm.validcount,SUM(--_xlpm.valid),IF(_xlpm.validcount=0,"",_xlfn.LET(_xlpm.e,_xlfn._xlws.FILTER(_xlpm.eucol,_xlpm.valid),_xlpm.t,_xlfn._xlws.FILTER(_xlpm.tcol,_xlpm.valid),_xlpm.mine,MIN(_xlpm.e),_xlpm.maxe,MAX(_xlpm.e),IF(OR(_xlpm.targeteu<_xlpm.mine,_xlpm.targeteu>_xlpm.maxe),"",_xlfn.LET(_xlpm.euhigh,MIN(_xlfn._xlws.FILTER(_xlpm.e,_xlpm.e>=_xlpm.targeteu)),_xlpm.eulow,MAX(_xlfn._xlws.FILTER(_xlpm.e,_xlpm.e<=_xlpm.targeteu)),_xlpm.thigh,_xlfn.XLOOKUP(_xlpm.euhigh,_xlpm.e,_xlpm.t,"",0),_xlpm.tlow,_xlfn.XLOOKUP(_xlpm.eulow,_xlpm.e,_xlpm.t,"",0),ROUND(IF(_xlpm.euhigh=_xlpm.eulow,_xlpm.thigh,_xlpm.thigh+(_xlpm.targeteu-_xlpm.euhigh)/(_xlpm.eulow-_xlpm.euhigh)*(_xlpm.tlow-_xlpm.thigh)),1))))))))} -> 110 | BB6: Direkte aflæsning / Lineær interpolation / Uden for område
AA7: 30|1 lag | AB7: 30 | AC7: 1 lag | AD7: $B$37:$B$48 | AE7: $D$37:$D$48 | AF7: Diagram 1 | AI7: =B11 -> 3 | AJ7: {=_xlfn.LET(_xlpm.targeteu,$AI7,_xlpm.serieskey,AJ$5,_xlpm.euaddr,_xlfn.XLOOKUP(_xlpm.serieskey,$AA$6:$AA$23,$AE$6:$AE$23,""),_xlpm.taddr,_xlfn.XLOOKUP(_xlpm.serieskey,$AA$6:$AA$23,$AD$6:$AD$23,""),IF(OR(_xlpm.euaddr="",_xlpm.taddr=""),"",_xlfn.LET(_xlpm.eucol,INDIRECT(_xlpm.euaddr),_xlpm.tcol,INDIRECT(_xlpm.taddr),_xlpm.valid,ISNUMBER(_xlpm.eucol),_xlpm.validcount,SUM(--_xlpm.valid),IF(_xlpm.validcount=0,"",_xlfn.LET(_xlpm.e,_xlfn._xlws.FILTER(_xlpm.eucol,_xlpm.valid),_xlpm.t,_xlfn._xlws.FILTER(_xlpm.tcol,_xlpm.valid),_xlpm.mine,MIN(_xlpm.e),_xlpm.maxe,MAX(_xlpm.e),IF(OR(_xlpm.targeteu<_xlpm.mine,_xlpm.targeteu>_xlpm.maxe),"",_xlfn.LET(_xlpm.euhigh,MIN(_xlfn._xlws.FILTER(_xlpm.e,_xlpm.e>=_xlpm.targeteu)),_xlpm.eulow,MAX(_xlfn._xlws.FILTER(_xlpm.e,_xlpm.e<=_xlpm.targeteu)),_xlpm.thigh,_xlfn.XLOOKUP(_xlpm.euhigh,_xlpm.e,_xlpm.t,"",0),_xlpm.tlow,_xlfn.XLOOKUP(_xlpm.eulow,_xlpm.e,_xlpm.t,"",0),ROUND(IF(_xlpm.euhigh=_xlpm.eulow,_xlpm.thigh,_xlpm.thigh+(_xlpm.targeteu-_xlpm.euhigh)/(_xlpm.eulow-_xlpm.euhigh)*(_xlpm.tlow-_xlpm.thigh)),1))))))))} -> 110 | AK7: {=_xlfn.LET(_xlpm.targeteu,$AI7,_xlpm.serieskey,AK$5,_xlpm.euaddr,_xlfn.XLOOKUP(_xlpm.serieskey,$AA$6:$AA$23,$AE$6:$AE$23,""),_xlpm.taddr,_xlfn.XLOOKUP(_xlpm.serieskey,$AA$6:$AA$23,$AD$6:$AD$23,""),IF(OR(_xlpm.euaddr="",_xlpm.taddr=""),"",_xlfn.LET(_xlpm.eucol,INDIRECT(_xlpm.euaddr),_xlpm.tcol,INDIRECT(_xlpm.taddr),_xlpm.valid,ISNUMBER(_xlpm.eucol),_xlpm.validcount,SUM(--_xlpm.valid),IF(_xlpm.validcount=0,"",_xlfn.LET(_xlpm.e,_xlfn._xlws.FILTER(_xlpm.eucol,_xlpm.valid),_xlpm.t,_xlfn._xlws.FILTER(_xlpm.tcol,_xlpm.valid),_xlpm.mine,MIN(_xlpm.e),_xlpm.maxe,MAX(_xlpm.e),IF(OR(_xlpm.targeteu<_xlpm.mine,_xlpm.targeteu>_xlpm.maxe),"",_xlfn.LET(_xlpm.euhigh,MIN(_xlfn._xlws.FILTER(_xlpm.e,_xlpm.e>=_xlpm.targeteu)),_xlpm.eulow,MAX(_xlfn._xlws.FILTER(_xlpm.e,_xlpm.e<=_xlpm.targeteu)),_xlpm.thigh,_xlfn.XLOOKUP(_xlpm.euhigh,_xlpm.e,_xlpm.t,"",0),_xlpm.tlow,_xlfn.XLOOKUP(_xlpm.eulow,_xlpm.e,_xlpm.t,"",0),ROUND(IF(_xlpm.euhigh=_xlpm.eulow,_xlpm.thigh,_xlpm.thigh+(_xlpm.targeteu-_xlpm.euhigh)/(_xlpm.eulow-_xlpm.euhigh)*(_xlpm.tlow-_xlpm.thigh)),1))))))))} -> 70 | AL7: {=_xlfn.LET(_xlpm.targeteu,$AI7,_xlpm.serieskey,AL$5,_xlpm.euaddr,_xlfn.XLOOKUP(_xlpm.serieskey,$AA$6:$AA$23,$AE$6:$AE$23,""),_xlpm.taddr,_xlfn.XLOOKUP(_xlpm.serieskey,$AA$6:$AA$23,$AD$6:$AD$23,""),IF(OR(_xlpm.euaddr="",_xlpm.taddr=""),"",_xlfn.LET(_xlpm.eucol,INDIRECT(_xlpm.euaddr),_xlpm.tcol,INDIRECT(_xlpm.taddr),_xlpm.valid,ISNUMBER(_xlpm.eucol),_xlpm.validcount,SUM(--_xlpm.valid),IF(_xlpm.validcount=0,"",_xlfn.LET(_xlpm.e,_xlfn._xlws.FILTER(_xlpm.eucol,_xlpm.valid),_xlpm.t,_xlfn._xlws.FILTER(_xlpm.tcol,_xlpm.valid),_xlpm.mine,MIN(_xlpm.e),_xlpm.maxe,MAX(_xlpm.e),IF(OR(_xlpm.targeteu<_xlpm.mine,_xlpm.targeteu>_xlpm.maxe),"",_xlfn.LET(_xlpm.euhigh,MIN(_xlfn._xlws.FILTER(_xlpm.e,_xlpm.e>=_xlpm.targeteu)),_xlpm.eulow,MAX(_xlfn._xlws.FILTER(_xlpm.e,_xlpm.e<=_xlpm.targeteu)),_xlpm.thigh,_xlfn.XLOOKUP(_xlpm.euhigh,_xlpm.e,_xlpm.t,"",0),_xlpm.tlow,_xlfn.XLOOKUP(_xlpm.eulow,_xlpm.e,_xlpm.t,"",0),ROUND(IF(_xlpm.euhigh=_xlpm.eulow,_xlpm.thigh,_xlpm.thigh+(_xlpm.targeteu-_xlpm.euhigh)/(_xlpm.eulow-_xlpm.euhigh)*(_xlpm.tlow-_xlpm.thigh)),1))))))))} | AM7: {=_xlfn.LET(_xlpm.targeteu,$AI7,_xlpm.serieskey,AM$5,_xlpm.euaddr,_xlfn.XLOOKUP(_xlpm.serieskey,$AA$6:$AA$23,$AE$6:$AE$23,""),_xlpm.taddr,_xlfn.XLOOKUP(_xlpm.serieskey,$AA$6:$AA$23,$AD$6:$AD$23,""),IF(OR(_xlpm.euaddr="",_xlpm.taddr=""),"",_xlfn.LET(_xlpm.eucol,INDIRECT(_xlpm.euaddr),_xlpm.tcol,INDIRECT(_xlpm.taddr),_xlpm.valid,ISNUMBER(_xlpm.eucol),_xlpm.validcount,SUM(--_xlpm.valid),IF(_xlpm.validcount=0,"",_xlfn.LET(_xlpm.e,_xlfn._xlws.FILTER(_xlpm.eucol,_xlpm.valid),_xlpm.t,_xlfn._xlws.FILTER(_xlpm.tcol,_xlpm.valid),_xlpm.mine,MIN(_xlpm.e),_xlpm.maxe,MAX(_xlpm.e),IF(OR(_xlpm.targeteu<_xlpm.mine,_xlpm.targeteu>_xlpm.maxe),"",_xlfn.LET(_xlpm.euhigh,MIN(_xlfn._xlws.FILTER(_xlpm.e,_xlpm.e>=_xlpm.targeteu)),_xlpm.eulow,MAX(_xlfn._xlws.FILTER(_xlpm.e,_xlpm.e<=_xlpm.targeteu)),_xlpm.thigh,_xlfn.XLOOKUP(_xlpm.euhigh,_xlpm.e,_xlpm.t,"",0),_xlpm.tlow,_xlfn.XLOOKUP(_xlpm.eulow,_xlpm.e,_xlpm.t,"",0),ROUND(IF(_xlpm.euhigh=_xlpm.eulow,_xlpm.thigh,_xlpm.thigh+(_xlpm.targeteu-_xlpm.euhigh)/(_xlpm.eulow-_xlpm.euhigh)*(_xlpm.tlow-_xlpm.thigh)),1))))))))} -> 120 | AN7: {=_xlfn.LET(_xlpm.targeteu,$AI7,_xlpm.serieskey,AN$5,_xlpm.euaddr,_xlfn.XLOOKUP(_xlpm.serieskey,$AA$6:$AA$23,$AE$6:$AE$23,""),_xlpm.taddr,_xlfn.XLOOKUP(_xlpm.serieskey,$AA$6:$AA$23,$AD$6:$AD$23,""),IF(OR(_xlpm.euaddr="",_xlpm.taddr=""),"",_xlfn.LET(_xlpm.eucol,INDIRECT(_xlpm.euaddr),_xlpm.tcol,INDIRECT(_xlpm.taddr),_xlpm.valid,ISNUMBER(_xlpm.eucol),_xlpm.validcount,SUM(--_xlpm.valid),IF(_xlpm.validcount=0,"",_xlfn.LET(_xlpm.e,_xlfn._xlws.FILTER(_xlpm.eucol,_xlpm.valid),_xlpm.t,_xlfn._xlws.FILTER(_xlpm.tcol,_xlpm.valid),_xlpm.mine,MIN(_xlpm.e),_xlpm.maxe,MAX(_xlpm.e),IF(OR(_xlpm.targeteu<_xlpm.mine,_xlpm.targeteu>_xlpm.maxe),"",_xlfn.LET(_xlpm.euhigh,MIN(_xlfn._xlws.FILTER(_xlpm.e,_xlpm.e>=_xlpm.targeteu)),_xlpm.eulow,MAX(_xlfn._xlws.FILTER(_xlpm.e,_xlpm.e<=_xlpm.targeteu)),_xlpm.thigh,_xlfn.XLOOKUP(_xlpm.euhigh,_xlpm.e,_xlpm.t,"",0),_xlpm.tlow,_xlfn.XLOOKUP(_xlpm.eulow,_xlpm.e,_xlpm.t,"",0),ROUND(IF(_xlpm.euhigh=_xlpm.eulow,_xlpm.thigh,_xlpm.thigh+(_xlpm.targeteu-_xlpm.euhigh)/(_xlpm.eulow-_xlpm.euhigh)*(_xlpm.tlow-_xlpm.thigh)),1))))))))} -> 83.3 | AO7: {=_xlfn.LET(_xlpm.targeteu,$AI7,_xlpm.serieskey,AO$5,_xlpm.euaddr,_xlfn.XLOOKUP(_xlpm.serieskey,$AA$6:$AA$23,$AE$6:$AE$23,""),_xlpm.taddr,_xlfn.XLOOKUP(_xlpm.serieskey,$AA$6:$AA$23,$AD$6:$AD$23,""),IF(OR(_xlpm.euaddr="",_xlpm.taddr=""),"",_xlfn.LET(_xlpm.eucol,INDIRECT(_xlpm.euaddr),_xlpm.tcol,INDIRECT(_xlpm.taddr),_xlpm.valid,ISNUMBER(_xlpm.eucol),_xlpm.validcount,SUM(--_xlpm.valid),IF(_xlpm.validcount=0,"",_xlfn.LET(_xlpm.e,_xlfn._xlws.FILTER(_xlpm.eucol,_xlpm.valid),_xlpm.t,_xlfn._xlws.FILTER(_xlpm.tcol,_xlpm.valid),_xlpm.mine,MIN(_xlpm.e),_xlpm.maxe,MAX(_xlpm.e),IF(OR(_xlpm.targeteu<_xlpm.mine,_xlpm.targeteu>_xlpm.maxe),"",_xlfn.LET(_xlpm.euhigh,MIN(_xlfn._xlws.FILTER(_xlpm.e,_xlpm.e>=_xlpm.targeteu)),_xlpm.eulow,MAX(_xlfn._xlws.FILTER(_xlpm.e,_xlpm.e<=_xlpm.targeteu)),_xlpm.thigh,_xlfn.XLOOKUP(_xlpm.euhigh,_xlpm.e,_xlpm.t,"",0),_xlpm.tlow,_xlfn.XLOOKUP(_xlpm.eulow,_xlpm.e,_xlpm.t,"",0),ROUND(IF(_xlpm.euhigh=_xlpm.eulow,_xlpm.thigh,_xlpm.thigh+(_xlpm.targeteu-_xlpm.euhigh)/(_xlpm.eulow-_xlpm.euhigh)*(_xlpm.tlow-_xlpm.thigh)),1))))))))} -> 70 | AP7: {=_xlfn.LET(_xlpm.targeteu,$AI7,_xlpm.serieskey,AP$5,_xlpm.euaddr,_xlfn.XLOOKUP(_xlpm.serieskey,$AA$6:$AA$23,$AE$6:$AE$23,""),_xlpm.taddr,_xlfn.XLOOKUP(_xlpm.serieskey,$AA$6:$AA$23,$AD$6:$AD$23,""),IF(OR(_xlpm.euaddr="",_xlpm.taddr=""),"",_xlfn.LET(_xlpm.eucol,INDIRECT(_xlpm.euaddr),_xlpm.tcol,INDIRECT(_xlpm.taddr),_xlpm.valid,ISNUMBER(_xlpm.eucol),_xlpm.validcount,SUM(--_xlpm.valid),IF(_xlpm.validcount=0,"",_xlfn.LET(_xlpm.e,_xlfn._xlws.FILTER(_xlpm.eucol,_xlpm.valid),_xlpm.t,_xlfn._xlws.FILTER(_xlpm.tcol,_xlpm.valid),_xlpm.mine,MIN(_xlpm.e),_xlpm.maxe,MAX(_xlpm.e),IF(OR(_xlpm.targeteu<_xlpm.mine,_xlpm.targeteu>_xlpm.maxe),"",_xlfn.LET(_xlpm.euhigh,MIN(_xlfn._xlws.FILTER(_xlpm.e,_xlpm.e>=_xlpm.targeteu)),_xlpm.eulow,MAX(_xlfn._xlws.FILTER(_xlpm.e,_xlpm.e<=_xlpm.targeteu)),_xlpm.thigh,_xlfn.XLOOKUP(_xlpm.euhigh,_xlpm.e,_xlpm.t,"",0),_xlpm.tlow,_xlfn.XLOOKUP(_xlpm.eulow,_xlpm.e,_xlpm.t,"",0),ROUND(IF(_xlpm.euhigh=_xlpm.eulow,_xlpm.thigh,_xlpm.thigh+(_xlpm.targeteu-_xlpm.euhigh)/(_xlpm.eulow-_xlpm.euhigh)*(_xlpm.tlow-_xlpm.thigh)),1))))))))} -> 130 | AQ7: {=_xlfn.LET(_xlpm.targeteu,$AI7,_xlpm.serieskey,AQ$5,_xlpm.euaddr,_xlfn.XLOOKUP(_xlpm.serieskey,$AA$6:$AA$23,$AE$6:$AE$23,""),_xlpm.taddr,_xlfn.XLOOKUP(_xlpm.serieskey,$AA$6:$AA$23,$AD$6:$AD$23,""),IF(OR(_xlpm.euaddr="",_xlpm.taddr=""),"",_xlfn.LET(_xlpm.eucol,INDIRECT(_xlpm.euaddr),_xlpm.tcol,INDIRECT(_xlpm.taddr),_xlpm.valid,ISNUMBER(_xlpm.eucol),_xlpm.validcount,SUM(--_xlpm.valid),IF(_xlpm.validcount=0,"",_xlfn.LET(_xlpm.e,_xlfn._xlws.FILTER(_xlpm.eucol,_xlpm.valid),_xlpm.t,_xlfn._xlws.FILTER(_xlpm.tcol,_xlpm.valid),_xlpm.mine,MIN(_xlpm.e),_xlpm.maxe,MAX(_xlpm.e),IF(OR(_xlpm.targeteu<_xlpm.mine,_xlpm.targeteu>_xlpm.maxe),"",_xlfn.LET(_xlpm.euhigh,MIN(_xlfn._xlws.FILTER(_xlpm.e,_xlpm.e>=_xlpm.targeteu)),_xlpm.eulow,MAX(_xlfn._xlws.FILTER(_xlpm.e,_xlpm.e<=_xlpm.targeteu)),_xlpm.thigh,_xlfn.XLOOKUP(_xlpm.euhigh,_xlpm.e,_xlpm.t,"",0),_xlpm.tlow,_xlfn.XLOOKUP(_xlpm.eulow,_xlpm.e,_xlpm.t,"",0),ROUND(IF(_xlpm.euhigh=_xlpm.eulow,_xlpm.thigh,_xlpm.thigh+(_xlpm.targeteu-_xlpm.euhigh)/(_xlpm.eulow-_xlpm.euhigh)*(_xlpm.tlow-_xlpm.thigh)),1))))))))} -> 90 | ... BA7: {=_xlfn.LET(_xlpm.targeteu,$AI7,_xlpm.serieskey,BA$5,_xlpm.euaddr,_xlfn.XLOOKUP(_xlpm.serieskey,$AA$6:$AA$23,$AE$6:$AE$23,""),_xlpm.taddr,_xlfn.XLOOKUP(_xlpm.serieskey,$AA$6:$AA$23,$AD$6:$AD$23,""),IF(OR(_xlpm.euaddr="",_xlpm.taddr=""),"",_xlfn.LET(_xlpm.eucol,INDIRECT(_xlpm.euaddr),_xlpm.tcol,INDIRECT(_xlpm.taddr),_xlpm.valid,ISNUMBER(_xlpm.eucol),_xlpm.validcount,SUM(--_xlpm.valid),IF(_xlpm.validcount=0,"",_xlfn.LET(_xlpm.e,_xlfn._xlws.FILTER(_xlpm.eucol,_xlpm.valid),_xlpm.t,_xlfn._xlws.FILTER(_xlpm.tcol,_xlpm.valid),_xlpm.mine,MIN(_xlpm.e),_xlpm.maxe,MAX(_xlpm.e),IF(OR(_xlpm.targeteu<_xlpm.mine,_xlpm.targeteu>_xlpm.maxe),"",_xlfn.LET(_xlpm.euhigh,MIN(_xlfn._xlws.FILTER(_xlpm.e,_xlpm.e>=_xlpm.targeteu)),_xlpm.eulow,MAX(_xlfn._xlws.FILTER(_xlpm.e,_xlpm.e<=_xlpm.targeteu)),_xlpm.thigh,_xlfn.XLOOKUP(_xlpm.euhigh,_xlpm.e,_xlpm.t,"",0),_xlpm.tlow,_xlfn.XLOOKUP(_xlpm.eulow,_xlpm.e,_xlpm.t,"",0),ROUND(IF(_xlpm.euhigh=_xlpm.eulow,_xlpm.thigh,_xlpm.thigh+(_xlpm.targeteu-_xlpm.euhigh)/(_xlpm.eulow-_xlpm.euhigh)*(_xlpm.tlow-_xlpm.thigh)),1))))))))} -> 100
B8: Eu (MPa) | C8: Eo = 30 MPa (klasse 1) | F8: Eo = 45 MPa (klasse 2) | I8: Eo = 60 MPa (klasse 3) | L8: Eo = 80 MPa (klasse 4) | O8: Eo = 120 MPa (klasse 5) | R8: Eo = 150 MPa (klasse 6) | V8: Aflæst direkte | AA8: 30|2/flere lag | AB8: 30 | AC8: 2/flere lag | AD8: $B$37:$B$48 | AE8: $E$37:$E$48 | AF8: Diagram 1 | AI8: =B12 -> 4 | AJ8: {=_xlfn.LET(_xlpm.targeteu,$AI8,_xlpm.serieskey,AJ$5,_xlpm.euaddr,_xlfn.XLOOKUP(_xlpm.serieskey,$AA$6:$AA$23,$AE$6:$AE$23,""),_xlpm.taddr,_xlfn.XLOOKUP(_xlpm.serieskey,$AA$6:$AA$23,$AD$6:$AD$23,""),IF(OR(_xlpm.euaddr="",_xlpm.taddr=""),"",_xlfn.LET(_xlpm.eucol,INDIRECT(_xlpm.euaddr),_xlpm.tcol,INDIRECT(_xlpm.taddr),_xlpm.valid,ISNUMBER(_xlpm.eucol),_xlpm.validcount,SUM(--_xlpm.valid),IF(_xlpm.validcount=0,"",_xlfn.LET(_xlpm.e,_xlfn._xlws.FILTER(_xlpm.eucol,_xlpm.valid),_xlpm.t,_xlfn._xlws.FILTER(_xlpm.tcol,_xlpm.valid),_xlpm.mine,MIN(_xlpm.e),_xlpm.maxe,MAX(_xlpm.e),IF(OR(_xlpm.targeteu<_xlpm.mine,_xlpm.targeteu>_xlpm.maxe),"",_xlfn.LET(_xlpm.euhigh,MIN(_xlfn._xlws.FILTER(_xlpm.e,_xlpm.e>=_xlpm.targeteu)),_xlpm.eulow,MAX(_xlfn._xlws.FILTER(_xlpm.e,_xlpm.e<=_xlpm.targeteu)),_xlpm.thigh,_xlfn.XLOOKUP(_xlpm.euhigh,_xlpm.e,_xlpm.t,"",0),_xlpm.tlow,_xlfn.XLOOKUP(_xlpm.eulow,_xlpm.e,_xlpm.t,"",0),ROUND(IF(_xlpm.euhigh=_xlpm.eulow,_xlpm.thigh,_xlpm.thigh+(_xlpm.targeteu-_xlpm.euhigh)/(_xlpm.eulow-_xlpm.euhigh)*(_xlpm.tlow-_xlpm.thigh)),1))))))))} -> 96.7 | AK8: {=_xlfn.LET(_xlpm.targeteu,$AI8,_xlpm.serieskey,AK$5,_xlpm.euaddr,_xlfn.XLOOKUP(_xlpm.serieskey,$AA$6:$AA$23,$AE$6:$AE$23,""),_xlpm.taddr,_xlfn.XLOOKUP(_xlpm.serieskey,$AA$6:$AA$23,$AD$6:$AD$23,""),IF(OR(_xlpm.euaddr="",_xlpm.taddr=""),"",_xlfn.LET(_xlpm.eucol,INDIRECT(_xlpm.euaddr),_xlpm.tcol,INDIRECT(_xlpm.taddr),_xlpm.valid,ISNUMBER(_xlpm.eucol),_xlpm.validcount,SUM(--_xlpm.valid),IF(_xlpm.validcount=0,"",_xlfn.LET(_xlpm.e,_xlfn._xlws.FILTER(_xlpm.eucol,_xlpm.valid),_xlpm.t,_xlfn._xlws.FILTER(_xlpm.tcol,_xlpm.valid),_xlpm.mine,MIN(_xlpm.e),_xlpm.maxe,MAX(_xlpm.e),IF(OR(_xlpm.targeteu<_xlpm.mine,_xlpm.targeteu>_xlpm.maxe),"",_xlfn.LET(_xlpm.euhigh,MIN(_xlfn._xlws.FILTER(_xlpm.e,_xlpm.e>=_xlpm.targeteu)),_xlpm.eulow,MAX(_xlfn._xlws.FILTER(_xlpm.e,_xlpm.e<=_xlpm.targeteu)),_xlpm.thigh,_xlfn.XLOOKUP(_xlpm.euhigh,_xlpm.e,_xlpm.t,"",0),_xlpm.tlow,_xlfn.XLOOKUP(_xlpm.eulow,_xlpm.e,_xlpm.t,"",0),ROUND(IF(_xlpm.euhigh=_xlpm.eulow,_xlpm.thigh,_xlpm.thigh+(_xlpm.targeteu-_xlpm.euhigh)/(_xlpm.eulow-_xlpm.euhigh)*(_xlpm.tlow-_xlpm.thigh)),1))))))))} -> 65 | AL8: {=_xlfn.LET(_xlpm.targeteu,$AI8,_xlpm.serieskey,AL$5,_xlpm.euaddr,_xlfn.XLOOKUP(_xlpm.serieskey,$AA$6:$AA$23,$AE$6:$AE$23,""),_xlpm.taddr,_xlfn.XLOOKUP(_xlpm.serieskey,$AA$6:$AA$23,$AD$6:$AD$23,""),IF(OR(_xlpm.euaddr="",_xlpm.taddr=""),"",_xlfn.LET(_xlpm.eucol,INDIRECT(_xlpm.euaddr),_xlpm.tcol,INDIRECT(_xlpm.taddr),_xlpm.valid,ISNUMBER(_xlpm.eucol),_xlpm.validcount,SUM(--_xlpm.valid),IF(_xlpm.validcount=0,"",_xlfn.LET(_xlpm.e,_xlfn._xlws.FILTER(_xlpm.eucol,_xlpm.valid),_xlpm.t,_xlfn._xlws.FILTER(_xlpm.tcol,_xlpm.valid),_xlpm.mine,MIN(_xlpm.e),_xlpm.maxe,MAX(_xlpm.e),IF(OR(_xlpm.targeteu<_xlpm.mine,_xlpm.targeteu>_xlpm.maxe),"",_xlfn.LET(_xlpm.euhigh,MIN(_xlfn._xlws.FILTER(_xlpm.e,_xlpm.e>=_xlpm.targeteu)),_xlpm.eulow,MAX(_xlfn._xlws.FILTER(_xlpm.e,_xlpm.e<=_xlpm.targeteu)),_xlpm.thigh,_xlfn.XLOOKUP(_xlpm.euhigh,_xlpm.e,_xlpm.t,"",0),_xlpm.tlow,_xlfn.XLOOKUP(_xlpm.eulow,_xlpm.e,_xlpm.t,"",0),ROUND(IF(_xlpm.euhigh=_xlpm.eulow,_xlpm.thigh,_xlpm.thigh+(_xlpm.targeteu-_xlpm.euhigh)/(_xlpm.eulow-_xlpm.euhigh)*(_xlpm.tlow-_xlpm.thigh)),1))))))))} | AM8: {=_xlfn.LET(_xlpm.targeteu,$AI8,_xlpm.serieskey,AM$5,_xlpm.euaddr,_xlfn.XLOOKUP(_xlpm.serieskey,$AA$6:$AA$23,$AE$6:$AE$23,""),_xlpm.taddr,_xlfn.XLOOKUP(_xlpm.serieskey,$AA$6:$AA$23,$AD$6:$AD$23,""),IF(OR(_xlpm.euaddr="",_xlpm.taddr=""),"",_xlfn.LET(_xlpm.eucol,INDIRECT(_xlpm.euaddr),_xlpm.tcol,INDIRECT(_xlpm.taddr),_xlpm.valid,ISNUMBER(_xlpm.eucol),_xlpm.validcount,SUM(--_xlpm.valid),IF(_xlpm.validcount=0,"",_xlfn.LET(_xlpm.e,_xlfn._xlws.FILTER(_xlpm.eucol,_xlpm.valid),_xlpm.t,_xlfn._xlws.FILTER(_xlpm.tcol,_xlpm.valid),_xlpm.mine,MIN(_xlpm.e),_xlpm.maxe,MAX(_xlpm.e),IF(OR(_xlpm.targeteu<_xlpm.mine,_xlpm.targeteu>_xlpm.maxe),"",_xlfn.LET(_xlpm.euhigh,MIN(_xlfn._xlws.FILTER(_xlpm.e,_xlpm.e>=_xlpm.targeteu)),_xlpm.eulow,MAX(_xlfn._xlws.FILTER(_xlpm.e,_xlpm.e<=_xlpm.targeteu)),_xlpm.thigh,_xlfn.XLOOKUP(_xlpm.euhigh,_xlpm.e,_xlpm.t,"",0),_xlpm.tlow,_xlfn.XLOOKUP(_xlpm.eulow,_xlpm.e,_xlpm.t,"",0),ROUND(IF(_xlpm.euhigh=_xlpm.eulow,_xlpm.thigh,_xlpm.thigh+(_xlpm.targeteu-_xlpm.euhigh)/(_xlpm.eulow-_xlpm.euhigh)*(_xlpm.tlow-_xlpm.thigh)),1))))))))} -> 106.7 | AN8: {=_xlfn.LET(_xlpm.targeteu,$AI8,_xlpm.serieskey,AN$5,_xlpm.euaddr,_xlfn.XLOOKUP(_xlpm.serieskey,$AA$6:$AA$23,$AE$6:$AE$23,""),_xlpm.taddr,_xlfn.XLOOKUP(_xlpm.serieskey,$AA$6:$AA$23,$AD$6:$AD$23,""),IF(OR(_xlpm.euaddr="",_xlpm.taddr=""),"",_xlfn.LET(_xlpm.eucol,INDIRECT(_xlpm.euaddr),_xlpm.tcol,INDIRECT(_xlpm.taddr),_xlpm.valid,ISNUMBER(_xlpm.eucol),_xlpm.validcount,SUM(--_xlpm.valid),IF(_xlpm.validcount=0,"",_xlfn.LET(_xlpm.e,_xlfn._xlws.FILTER(_xlpm.eucol,_xlpm.valid),_xlpm.t,_xlfn._xlws.FILTER(_xlpm.tcol,_xlpm.valid),_xlpm.mine,MIN(_xlpm.e),_xlpm.maxe,MAX(_xlpm.e),IF(OR(_xlpm.targeteu<_xlpm.mine,_xlpm.targeteu>_xlpm.maxe),"",_xlfn.LET(_xlpm.euhigh,MIN(_xlfn._xlws.FILTER(_xlpm.e,_xlpm.e>=_xlpm.targeteu)),_xlpm.eulow,MAX(_xlfn._xlws.FILTER(_xlpm.e,_xlpm.e<=_xlpm.targeteu)),_xlpm.thigh,_xlfn.XLOOKUP(_xlpm.euhigh,_xlpm.e,_xlpm.t,"",0),_xlpm.tlow,_xlfn.XLOOKUP(_xlpm.eulow,_xlpm.e,_xlpm.t,"",0),ROUND(IF(_xlpm.euhigh=_xlpm.eulow,_xlpm.thigh,_xlpm.thigh+(_xlpm.targeteu-_xlpm.euhigh)/(_xlpm.eulow-_xlpm.euhigh)*(_xlpm.tlow-_xlpm.thigh)),1))))))))} -> 75 | AO8: {=_xlfn.LET(_xlpm.targeteu,$AI8,_xlpm.serieskey,AO$5,_xlpm.euaddr,_xlfn.XLOOKUP(_xlpm.serieskey,$AA$6:$AA$23,$AE$6:$AE$23,""),_xlpm.taddr,_xlfn.XLOOKUP(_xlpm.serieskey,$AA$6:$AA$23,$AD$6:$AD$23,""),IF(OR(_xlpm.euaddr="",_xlpm.taddr=""),"",_xlfn.LET(_xlpm.eucol,INDIRECT(_xlpm.euaddr),_xlpm.tcol,INDIRECT(_xlpm.taddr),_xlpm.valid,ISNUMBER(_xlpm.eucol),_xlpm.validcount,SUM(--_xlpm.valid),IF(_xlpm.validcount=0,"",_xlfn.LET(_xlpm.e,_xlfn._xlws.FILTER(_xlpm.eucol,_xlpm.valid),_xlpm.t,_xlfn._xlws.FILTER(_xlpm.tcol,_xlpm.valid),_xlpm.mine,MIN(_xlpm.e),_xlpm.maxe,MAX(_xlpm.e),IF(OR(_xlpm.targeteu<_xlpm.mine,_xlpm.targeteu>_xlpm.maxe),"",_xlfn.LET(_xlpm.euhigh,MIN(_xlfn._xlws.FILTER(_xlpm.e,_xlpm.e>=_xlpm.targeteu)),_xlpm.eulow,MAX(_xlfn._xlws.FILTER(_xlpm.e,_xlpm.e<=_xlpm.targeteu)),_xlpm.thigh,_xlfn.XLOOKUP(_xlpm.euhigh,_xlpm.e,_xlpm.t,"",0),_xlpm.tlow,_xlfn.XLOOKUP(_xlpm.eulow,_xlpm.e,_xlpm.t,"",0),ROUND(IF(_xlpm.euhigh=_xlpm.eulow,_xlpm.thigh,_xlpm.thigh+(_xlpm.targeteu-_xlpm.euhigh)/(_xlpm.eulow-_xlpm.euhigh)*(_xlpm.tlow-_xlpm.thigh)),1))))))))} -> 63.3 | AP8: {=_xlfn.LET(_xlpm.targeteu,$AI8,_xlpm.serieskey,AP$5,_xlpm.euaddr,_xlfn.XLOOKUP(_xlpm.serieskey,$AA$6:$AA$23,$AE$6:$AE$23,""),_xlpm.taddr,_xlfn.XLOOKUP(_xlpm.serieskey,$AA$6:$AA$23,$AD$6:$AD$23,""),IF(OR(_xlpm.euaddr="",_xlpm.taddr=""),"",_xlfn.LET(_xlpm.eucol,INDIRECT(_xlpm.euaddr),_xlpm.tcol,INDIRECT(_xlpm.taddr),_xlpm.valid,ISNUMBER(_xlpm.eucol),_xlpm.validcount,SUM(--_xlpm.valid),IF(_xlpm.validcount=0,"",_xlfn.LET(_xlpm.e,_xlfn._xlws.FILTER(_xlpm.eucol,_xlpm.valid),_xlpm.t,_xlfn._xlws.FILTER(_xlpm.tcol,_xlpm.valid),_xlpm.mine,MIN(_xlpm.e),_xlpm.maxe,MAX(_xlpm.e),IF(OR(_xlpm.targeteu<_xlpm.mine,_xlpm.targeteu>_xlpm.maxe),"",_xlfn.LET(_xlpm.euhigh,MIN(_xlfn._xlws.FILTER(_xlpm.e,_xlpm.e>=_xlpm.targeteu)),_xlpm.eulow,MAX(_xlfn._xlws.FILTER(_xlpm.e,_xlpm.e<=_xlpm.targeteu)),_xlpm.thigh,_xlfn.XLOOKUP(_xlpm.euhigh,_xlpm.e,_xlpm.t,"",0),_xlpm.tlow,_xlfn.XLOOKUP(_xlpm.eulow,_xlpm.e,_xlpm.t,"",0),ROUND(IF(_xlpm.euhigh=_xlpm.eulow,_xlpm.thigh,_xlpm.thigh+(_xlpm.targeteu-_xlpm.euhigh)/(_xlpm.eulow-_xlpm.euhigh)*(_xlpm.tlow-_xlpm.thigh)),1))))))))} -> 116.7 | AQ8: {=_xlfn.LET(_xlpm.targeteu,$AI8,_xlpm.serieskey,AQ$5,_xlpm.euaddr,_xlfn.XLOOKUP(_xlpm.serieskey,$AA$6:$AA$23,$AE$6:$AE$23,""),_xlpm.taddr,_xlfn.XLOOKUP(_xlpm.serieskey,$AA$6:$AA$23,$AD$6:$AD$23,""),IF(OR(_xlpm.euaddr="",_xlpm.taddr=""),"",_xlfn.LET(_xlpm.eucol,INDIRECT(_xlpm.euaddr),_xlpm.tcol,INDIRECT(_xlpm.taddr),_xlpm.valid,ISNUMBER(_xlpm.eucol),_xlpm.validcount,SUM(--_xlpm.valid),IF(_xlpm.validcount=0,"",_xlfn.LET(_xlpm.e,_xlfn._xlws.FILTER(_xlpm.eucol,_xlpm.valid),_xlpm.t,_xlfn._xlws.FILTER(_xlpm.tcol,_xlpm.valid),_xlpm.mine,MIN(_xlpm.e),_xlpm.maxe,MAX(_xlpm.e),IF(OR(_xlpm.targeteu<_xlpm.mine,_xlpm.targeteu>_xlpm.maxe),"",_xlfn.LET(_xlpm.euhigh,MIN(_xlfn._xlws.FILTER(_xlpm.e,_xlpm.e>=_xlpm.targeteu)),_xlpm.eulow,MAX(_xlfn._xlws.FILTER(_xlpm.e,_xlpm.e<=_xlpm.targeteu)),_xlpm.thigh,_xlfn.XLOOKUP(_xlpm.euhigh,_xlpm.e,_xlpm.t,"",0),_xlpm.tlow,_xlfn.XLOOKUP(_xlpm.eulow,_xlpm.e,_xlpm.t,"",0),ROUND(IF(_xlpm.euhigh=_xlpm.eulow,_xlpm.thigh,_xlpm.thigh+(_xlpm.targeteu-_xlpm.euhigh)/(_xlpm.eulow-_xlpm.euhigh)*(_xlpm.tlow-_xlpm.thigh)),1))))))))} -> 83.3 | ... BA8: {=_xlfn.LET(_xlpm.targeteu,$AI8,_xlpm.serieskey,BA$5,_xlpm.euaddr,_xlfn.XLOOKUP(_xlpm.serieskey,$AA$6:$AA$23,$AE$6:$AE$23,""),_xlpm.taddr,_xlfn.XLOOKUP(_xlpm.serieskey,$AA$6:$AA$23,$AD$6:$AD$23,""),IF(OR(_xlpm.euaddr="",_xlpm.taddr=""),"",_xlfn.LET(_xlpm.eucol,INDIRECT(_xlpm.euaddr),_xlpm.tcol,INDIRECT(_xlpm.taddr),_xlpm.valid,ISNUMBER(_xlpm.eucol),_xlpm.validcount,SUM(--_xlpm.valid),IF(_xlpm.validcount=0,"",_xlfn.LET(_xlpm.e,_xlfn._xlws.FILTER(_xlpm.eucol,_xlpm.valid),_xlpm.t,_xlfn._xlws.FILTER(_xlpm.tcol,_xlpm.valid),_xlpm.mine,MIN(_xlpm.e),_xlpm.maxe,MAX(_xlpm.e),IF(OR(_xlpm.targeteu<_xlpm.mine,_xlpm.targeteu>_xlpm.maxe),"",_xlfn.LET(_xlpm.euhigh,MIN(_xlfn._xlws.FILTER(_xlpm.e,_xlpm.e>=_xlpm.targeteu)),_xlpm.eulow,MAX(_xlfn._xlws.FILTER(_xlpm.e,_xlpm.e<=_xlpm.targeteu)),_xlpm.thigh,_xlfn.XLOOKUP(_xlpm.euhigh,_xlpm.e,_xlpm.t,"",0),_xlpm.tlow,_xlfn.XLOOKUP(_xlpm.eulow,_xlpm.e,_xlpm.t,"",0),ROUND(IF(_xlpm.euhigh=_xlpm.eulow,_xlpm.thigh,_xlpm.thigh+(_xlpm.targeteu-_xlpm.euhigh)/(_xlpm.eulow-_xlpm.euhigh)*(_xlpm.tlow-_xlpm.thigh)),1))))))))} -> 93.3
C9: Uarmeret | D9: 1 lag | E9: 2/flere lag | F9: Uarmeret | G9: 1 lag | H9: 2/flere lag | I9: Uarmeret | J9: 1 lag | K9: 2/flere lag | L9: Uarmeret | M9: 1 lag | N9: 2/flere lag | O9: Uarmeret | P9: 1 lag | Q9: 2/flere lag | R9: Uarmeret | S9: 1 lag | T9: 2/flere lag | V9: Interpoleret | AA9: 45|Uarmeret | AB9: 45 | AC9: Uarmeret | AD9: $I$37:$I$50 | AE9: $J$37:$J$50 | AF9: Diagram 2 | AI9: =B13 -> 5 | AJ9: {=_xlfn.LET(_xlpm.targeteu,$AI9,_xlpm.serieskey,AJ$5,_xlpm.euaddr,_xlfn.XLOOKUP(_xlpm.serieskey,$AA$6:$AA$23,$AE$6:$AE$23,""),_xlpm.taddr,_xlfn.XLOOKUP(_xlpm.serieskey,$AA$6:$AA$23,$AD$6:$AD$23,""),IF(OR(_xlpm.euaddr="",_xlpm.taddr=""),"",_xlfn.LET(_xlpm.eucol,INDIRECT(_xlpm.euaddr),_xlpm.tcol,INDIRECT(_xlpm.taddr),_xlpm.valid,ISNUMBER(_xlpm.eucol),_xlpm.validcount,SUM(--_xlpm.valid),IF(_xlpm.validcount=0,"",_xlfn.LET(_xlpm.e,_xlfn._xlws.FILTER(_xlpm.eucol,_xlpm.valid),_xlpm.t,_xlfn._xlws.FILTER(_xlpm.tcol,_xlpm.valid),_xlpm.mine,MIN(_xlpm.e),_xlpm.maxe,MAX(_xlpm.e),IF(OR(_xlpm.targeteu<_xlpm.mine,_xlpm.targeteu>_xlpm.maxe),"",_xlfn.LET(_xlpm.euhigh,MIN(_xlfn._xlws.FILTER(_xlpm.e,_xlpm.e>=_xlpm.targeteu)),_xlpm.eulow,MAX(_xlfn._xlws.FILTER(_xlpm.e,_xlpm.e<=_xlpm.targeteu)),_xlpm.thigh,_xlfn.XLOOKUP(_xlpm.euhigh,_xlpm.e,_xlpm.t,"",0),_xlpm.tlow,_xlfn.XLOOKUP(_xlpm.eulow,_xlpm.e,_xlpm.t,"",0),ROUND(IF(_xlpm.euhigh=_xlpm.eulow,_xlpm.thigh,_xlpm.thigh+(_xlpm.targeteu-_xlpm.euhigh)/(_xlpm.eulow-_xlpm.euhigh)*(_xlpm.tlow-_xlpm.thigh)),1))))))))} -> 90 | AK9: {=_xlfn.LET(_xlpm.targeteu,$AI9,_xlpm.serieskey,AK$5,_xlpm.euaddr,_xlfn.XLOOKUP(_xlpm.serieskey,$AA$6:$AA$23,$AE$6:$AE$23,""),_xlpm.taddr,_xlfn.XLOOKUP(_xlpm.serieskey,$AA$6:$AA$23,$AD$6:$AD$23,""),IF(OR(_xlpm.euaddr="",_xlpm.taddr=""),"",_xlfn.LET(_xlpm.eucol,INDIRECT(_xlpm.euaddr),_xlpm.tcol,INDIRECT(_xlpm.taddr),_xlpm.valid,ISNUMBER(_xlpm.eucol),_xlpm.validcount,SUM(--_xlpm.valid),IF(_xlpm.validcount=0,"",_xlfn.LET(_xlpm.e,_xlfn._xlws.FILTER(_xlpm.eucol,_xlpm.valid),_xlpm.t,_xlfn._xlws.FILTER(_xlpm.tcol,_xlpm.valid),_xlpm.mine,MIN(_xlpm.e),_xlpm.maxe,MAX(_xlpm.e),IF(OR(_xlpm.targeteu<_xlpm.mine,_xlpm.targeteu>_xlpm.maxe),"",_xlfn.LET(_xlpm.euhigh,MIN(_xlfn._xlws.FILTER(_xlpm.e,_xlpm.e>=_xlpm.targeteu)),_xlpm.eulow,MAX(_xlfn._xlws.FILTER(_xlpm.e,_xlpm.e<=_xlpm.targeteu)),_xlpm.thigh,_xlfn.XLOOKUP(_xlpm.euhigh,_xlpm.e,_xlpm.t,"",0),_xlpm.tlow,_xlfn.XLOOKUP(_xlpm.eulow,_xlpm.e,_xlpm.t,"",0),ROUND(IF(_xlpm.euhigh=_xlpm.eulow,_xlpm.thigh,_xlpm.thigh+(_xlpm.targeteu-_xlpm.euhigh)/(_xlpm.eulow-_xlpm.euhigh)*(_xlpm.tlow-_xlpm.thigh)),1))))))))} -> 60 | AL9: {=_xlfn.LET(_xlpm.targeteu,$AI9,_xlpm.serieskey,AL$5,_xlpm.euaddr,_xlfn.XLOOKUP(_xlpm.serieskey,$AA$6:$AA$23,$AE$6:$AE$23,""),_xlpm.taddr,_xlfn.XLOOKUP(_xlpm.serieskey,$AA$6:$AA$23,$AD$6:$AD$23,""),IF(OR(_xlpm.euaddr="",_xlpm.taddr=""),"",_xlfn.LET(_xlpm.eucol,INDIRECT(_xlpm.euaddr),_xlpm.tcol,INDIRECT(_xlpm.taddr),_xlpm.valid,ISNUMBER(_xlpm.eucol),_xlpm.validcount,SUM(--_xlpm.valid),IF(_xlpm.validcount=0,"",_xlfn.LET(_xlpm.e,_xlfn._xlws.FILTER(_xlpm.eucol,_xlpm.valid),_xlpm.t,_xlfn._xlws.FILTER(_xlpm.tcol,_xlpm.valid),_xlpm.mine,MIN(_xlpm.e),_xlpm.maxe,MAX(_xlpm.e),IF(OR(_xlpm.targeteu<_xlpm.mine,_xlpm.targeteu>_xlpm.maxe),"",_xlfn.LET(_xlpm.euhigh,MIN(_xlfn._xlws.FILTER(_xlpm.e,_xlpm.e>=_xlpm.targeteu)),_xlpm.eulow,MAX(_xlfn._xlws.FILTER(_xlpm.e,_xlpm.e<=_xlpm.targeteu)),_xlpm.thigh,_xlfn.XLOOKUP(_xlpm.euhigh,_xlpm.e,_xlpm.t,"",0),_xlpm.tlow,_xlfn.XLOOKUP(_xlpm.eulow,_xlpm.e,_xlpm.t,"",0),ROUND(IF(_xlpm.euhigh=_xlpm.eulow,_xlpm.thigh,_xlpm.thigh+(_xlpm.targeteu-_xlpm.euhigh)/(_xlpm.eulow-_xlpm.euhigh)*(_xlpm.tlow-_xlpm.thigh)),1))))))))} | AM9: {=_xlfn.LET(_xlpm.targeteu,$AI9,_xlpm.serieskey,AM$5,_xlpm.euaddr,_xlfn.XLOOKUP(_xlpm.serieskey,$AA$6:$AA$23,$AE$6:$AE$23,""),_xlpm.taddr,_xlfn.XLOOKUP(_xlpm.serieskey,$AA$6:$AA$23,$AD$6:$AD$23,""),IF(OR(_xlpm.euaddr="",_xlpm.taddr=""),"",_xlfn.LET(_xlpm.eucol,INDIRECT(_xlpm.euaddr),_xlpm.tcol,INDIRECT(_xlpm.taddr),_xlpm.valid,ISNUMBER(_xlpm.eucol),_xlpm.validcount,SUM(--_xlpm.valid),IF(_xlpm.validcount=0,"",_xlfn.LET(_xlpm.e,_xlfn._xlws.FILTER(_xlpm.eucol,_xlpm.valid),_xlpm.t,_xlfn._xlws.FILTER(_xlpm.tcol,_xlpm.valid),_xlpm.mine,MIN(_xlpm.e),_xlpm.maxe,MAX(_xlpm.e),IF(OR(_xlpm.targeteu<_xlpm.mine,_xlpm.targeteu>_xlpm.maxe),"",_xlfn.LET(_xlpm.euhigh,MIN(_xlfn._xlws.FILTER(_xlpm.e,_xlpm.e>=_xlpm.targeteu)),_xlpm.eulow,MAX(_xlfn._xlws.FILTER(_xlpm.e,_xlpm.e<=_xlpm.targeteu)),_xlpm.thigh,_xlfn.XLOOKUP(_xlpm.euhigh,_xlpm.e,_xlpm.t,"",0),_xlpm.tlow,_xlfn.XLOOKUP(_xlpm.eulow,_xlpm.e,_xlpm.t,"",0),ROUND(IF(_xlpm.euhigh=_xlpm.eulow,_xlpm.thigh,_xlpm.thigh+(_xlpm.targeteu-_xlpm.euhigh)/(_xlpm.eulow-_xlpm.euhigh)*(_xlpm.tlow-_xlpm.thigh)),1))))))))} -> 100 | AN9: {=_xlfn.LET(_xlpm.targeteu,$AI9,_xlpm.serieskey,AN$5,_xlpm.euaddr,_xlfn.XLOOKUP(_xlpm.serieskey,$AA$6:$AA$23,$AE$6:$AE$23,""),_xlpm.taddr,_xlfn.XLOOKUP(_xlpm.serieskey,$AA$6:$AA$23,$AD$6:$AD$23,""),IF(OR(_xlpm.euaddr="",_xlpm.taddr=""),"",_xlfn.LET(_xlpm.eucol,INDIRECT(_xlpm.euaddr),_xlpm.tcol,INDIRECT(_xlpm.taddr),_xlpm.valid,ISNUMBER(_xlpm.eucol),_xlpm.validcount,SUM(--_xlpm.valid),IF(_xlpm.validcount=0,"",_xlfn.LET(_xlpm.e,_xlfn._xlws.FILTER(_xlpm.eucol,_xlpm.valid),_xlpm.t,_xlfn._xlws.FILTER(_xlpm.tcol,_xlpm.valid),_xlpm.mine,MIN(_xlpm.e),_xlpm.maxe,MAX(_xlpm.e),IF(OR(_xlpm.targeteu<_xlpm.mine,_xlpm.targeteu>_xlpm.maxe),"",_xlfn.LET(_xlpm.euhigh,MIN(_xlfn._xlws.FILTER(_xlpm.e,_xlpm.e>=_xlpm.targeteu)),_xlpm.eulow,MAX(_xlfn._xlws.FILTER(_xlpm.e,_xlpm.e<=_xlpm.targeteu)),_xlpm.thigh,_xlfn.XLOOKUP(_xlpm.euhigh,_xlpm.e,_xlpm.t,"",0),_xlpm.tlow,_xlfn.XLOOKUP(_xlpm.eulow,_xlpm.e,_xlpm.t,"",0),ROUND(IF(_xlpm.euhigh=_xlpm.eulow,_xlpm.thigh,_xlpm.thigh+(_xlpm.targeteu-_xlpm.euhigh)/(_xlpm.eulow-_xlpm.euhigh)*(_xlpm.tlow-_xlpm.thigh)),1))))))))} -> 66.7 | AO9: {=_xlfn.LET(_xlpm.targeteu,$AI9,_xlpm.serieskey,AO$5,_xlpm.euaddr,_xlfn.XLOOKUP(_xlpm.serieskey,$AA$6:$AA$23,$AE$6:$AE$23,""),_xlpm.taddr,_xlfn.XLOOKUP(_xlpm.serieskey,$AA$6:$AA$23,$AD$6:$AD$23,""),IF(OR(_xlpm.euaddr="",_xlpm.taddr=""),"",_xlfn.LET(_xlpm.eucol,INDIRECT(_xlpm.euaddr),_xlpm.tcol,INDIRECT(_xlpm.taddr),_xlpm.valid,ISNUMBER(_xlpm.eucol),_xlpm.validcount,SUM(--_xlpm.valid),IF(_xlpm.validcount=0,"",_xlfn.LET(_xlpm.e,_xlfn._xlws.FILTER(_xlpm.eucol,_xlpm.valid),_xlpm.t,_xlfn._xlws.FILTER(_xlpm.tcol,_xlpm.valid),_xlpm.mine,MIN(_xlpm.e),_xlpm.maxe,MAX(_xlpm.e),IF(OR(_xlpm.targeteu<_xlpm.mine,_xlpm.targeteu>_xlpm.maxe),"",_xlfn.LET(_xlpm.euhigh,MIN(_xlfn._xlws.FILTER(_xlpm.e,_xlpm.e>=_xlpm.targeteu)),_xlpm.eulow,MAX(_xlfn._xlws.FILTER(_xlpm.e,_xlpm.e<=_xlpm.targeteu)),_xlpm.thigh,_xlfn.XLOOKUP(_xlpm.euhigh,_xlpm.e,_xlpm.t,"",0),_xlpm.tlow,_xlfn.XLOOKUP(_xlpm.eulow,_xlpm.e,_xlpm.t,"",0),ROUND(IF(_xlpm.euhigh=_xlpm.eulow,_xlpm.thigh,_xlpm.thigh+(_xlpm.targeteu-_xlpm.euhigh)/(_xlpm.eulow-_xlpm.euhigh)*(_xlpm.tlow-_xlpm.thigh)),1))))))))} -> 57.5 | AP9: {=_xlfn.LET(_xlpm.targeteu,$AI9,_xlpm.serieskey,AP$5,_xlpm.euaddr,_xlfn.XLOOKUP(_xlpm.serieskey,$AA$6:$AA$23,$AE$6:$AE$23,""),_xlpm.taddr,_xlfn.XLOOKUP(_xlpm.serieskey,$AA$6:$AA$23,$AD$6:$AD$23,""),IF(OR(_xlpm.euaddr="",_xlpm.taddr=""),"",_xlfn.LET(_xlpm.eucol,INDIRECT(_xlpm.euaddr),_xlpm.tcol,INDIRECT(_xlpm.taddr),_xlpm.valid,ISNUMBER(_xlpm.eucol),_xlpm.validcount,SUM(--_xlpm.valid),IF(_xlpm.validcount=0,"",_xlfn.LET(_xlpm.e,_xlfn._xlws.FILTER(_xlpm.eucol,_xlpm.valid),_xlpm.t,_xlfn._xlws.FILTER(_xlpm.tcol,_xlpm.valid),_xlpm.mine,MIN(_xlpm.e),_xlpm.maxe,MAX(_xlpm.e),IF(OR(_xlpm.targeteu<_xlpm.mine,_xlpm.targeteu>_xlpm.maxe),"",_xlfn.LET(_xlpm.euhigh,MIN(_xlfn._xlws.FILTER(_xlpm.e,_xlpm.e>=_xlpm.targeteu)),_xlpm.eulow,MAX(_xlfn._xlws.FILTER(_xlpm.e,_xlpm.e<=_xlpm.targeteu)),_xlpm.thigh,_xlfn.XLOOKUP(_xlpm.euhigh,_xlpm.e,_xlpm.t,"",0),_xlpm.tlow,_xlfn.XLOOKUP(_xlpm.eulow,_xlpm.e,_xlpm.t,"",0),ROUND(IF(_xlpm.euhigh=_xlpm.eulow,_xlpm.thigh,_xlpm.thigh+(_xlpm.targeteu-_xlpm.euhigh)/(_xlpm.eulow-_xlpm.euhigh)*(_xlpm.tlow-_xlpm.thigh)),1))))))))} -> 110 | AQ9: {=_xlfn.LET(_xlpm.targeteu,$AI9,_xlpm.serieskey,AQ$5,_xlpm.euaddr,_xlfn.XLOOKUP(_xlpm.serieskey,$AA$6:$AA$23,$AE$6:$AE$23,""),_xlpm.taddr,_xlfn.XLOOKUP(_xlpm.serieskey,$AA$6:$AA$23,$AD$6:$AD$23,""),IF(OR(_xlpm.euaddr="",_xlpm.taddr=""),"",_xlfn.LET(_xlpm.eucol,INDIRECT(_xlpm.euaddr),_xlpm.tcol,INDIRECT(_xlpm.taddr),_xlpm.valid,ISNUMBER(_xlpm.eucol),_xlpm.validcount,SUM(--_xlpm.valid),IF(_xlpm.validcount=0,"",_xlfn.LET(_xlpm.e,_xlfn._xlws.FILTER(_xlpm.eucol,_xlpm.valid),_xlpm.t,_xlfn._xlws.FILTER(_xlpm.tcol,_xlpm.valid),_xlpm.mine,MIN(_xlpm.e),_xlpm.maxe,MAX(_xlpm.e),IF(OR(_xlpm.targeteu<_xlpm.mine,_xlpm.targeteu>_xlpm.maxe),"",_xlfn.LET(_xlpm.euhigh,MIN(_xlfn._xlws.FILTER(_xlpm.e,_xlpm.e>=_xlpm.targeteu)),_xlpm.eulow,MAX(_xlfn._xlws.FILTER(_xlpm.e,_xlpm.e<=_xlpm.targeteu)),_xlpm.thigh,_xlfn.XLOOKUP(_xlpm.euhigh,_xlpm.e,_xlpm.t,"",0),_xlpm.tlow,_xlfn.XLOOKUP(_xlpm.eulow,_xlpm.e,_xlpm.t,"",0),ROUND(IF(_xlpm.euhigh=_xlpm.eulow,_xlpm.thigh,_xlpm.thigh+(_xlpm.targeteu-_xlpm.euhigh)/(_xlpm.eulow-_xlpm.euhigh)*(_xlpm.tlow-_xlpm.thigh)),1))))))))} -> 77.5 | ... BA9: {=_xlfn.LET(_xlpm.targeteu,$AI9,_xlpm.serieskey,BA$5,_xlpm.euaddr,_xlfn.XLOOKUP(_xlpm.serieskey,$AA$6:$AA$23,$AE$6:$AE$23,""),_xlpm.taddr,_xlfn.XLOOKUP(_xlpm.serieskey,$AA$6:$AA$23,$AD$6:$AD$23,""),IF(OR(_xlpm.euaddr="",_xlpm.taddr=""),"",_xlfn.LET(_xlpm.eucol,INDIRECT(_xlpm.euaddr),_xlpm.tcol,INDIRECT(_xlpm.taddr),_xlpm.valid,ISNUMBER(_xlpm.eucol),_xlpm.validcount,SUM(--_xlpm.valid),IF(_xlpm.validcount=0,"",_xlfn.LET(_xlpm.e,_xlfn._xlws.FILTER(_xlpm.eucol,_xlpm.valid),_xlpm.t,_xlfn._xlws.FILTER(_xlpm.tcol,_xlpm.valid),_xlpm.mine,MIN(_xlpm.e),_xlpm.maxe,MAX(_xlpm.e),IF(OR(_xlpm.targeteu<_xlpm.mine,_xlpm.targeteu>_xlpm.maxe),"",_xlfn.LET(_xlpm.euhigh,MIN(_xlfn._xlws.FILTER(_xlpm.e,_xlpm.e>=_xlpm.targeteu)),_xlpm.eulow,MAX(_xlfn._xlws.FILTER(_xlpm.e,_xlpm.e<=_xlpm.targeteu)),_xlpm.thigh,_xlfn.XLOOKUP(_xlpm.euhigh,_xlpm.e,_xlpm.t,"",0),_xlpm.tlow,_xlfn.XLOOKUP(_xlpm.eulow,_xlpm.e,_xlpm.t,"",0),ROUND(IF(_xlpm.euhigh=_xlpm.eulow,_xlpm.thigh,_xlpm.thigh+(_xlpm.targeteu-_xlpm.euhigh)/(_xlpm.eulow-_xlpm.euhigh)*(_xlpm.tlow-_xlpm.thigh)),1))))))))} -> 87.5 | BB9: 30|Uarmeret | BC9: 30|1 lag | BD9: 30|2/flere lag | BE9: 45|Uarmeret | BF9: 45|1 lag | BG9: 45|2/flere lag | BH9: 60|Uarmeret | BI9: 60|1 lag | BJ9: 60|2/flere lag | BK9: 80|Uarmeret | BL9: 80|1 lag | BM9: 80|2/flere lag | BN9: 120|Uarmeret | BO9: 120|1 lag | BP9: 120|2/flere lag | BQ9: 150|Uarmeret | BR9: 150|1 lag | BS9: 150|2/flere lag
